factor,level,level_value,replicates,feasible_runs,errors,error_example,episodes_per_million_miles_mean,episodes_per_million_miles_sd,episodes_per_million_miles_min,episodes_per_million_miles_max,unknown_time_fraction_mean,unknown_time_fraction_sd,unknown_time_fraction_min,unknown_time_fraction_max,total_unknown_episodes_mean,total_unknown_episodes_sd,total_unknown_episodes_min,total_unknown_episodes_max,total_events_mean,total_events_sd,total_events_min,total_events_max,duration_s_mean_mean,duration_s_mean_sd,duration_s_mean_min,duration_s_mean_max,duration_s_median_mean,duration_s_median_sd,duration_s_median_min,duration_s_median_max,duration_s_p90_mean,duration_s_p90_sd,duration_s_p90_min,duration_s_p90_max,duration_mi_mean_mean,duration_mi_mean_sd,duration_mi_mean_min,duration_mi_mean_max,inter_arrival_mi_mean_mean,inter_arrival_mi_mean_sd,inter_arrival_mi_mean_min,inter_arrival_mi_mean_max,inter_arrival_s_mean_mean,inter_arrival_s_mean_sd,inter_arrival_s_mean_min,inter_arrival_s_mean_max,dispersion_index_mean,dispersion_index_sd,dispersion_index_min,dispersion_index_max,episodes_element_mean,episodes_element_sd,episodes_element_min,episodes_element_max,episodes_hidden_triggering_mean,episodes_hidden_triggering_sd,episodes_hidden_triggering_min,episodes_hidden_triggering_max,episodes_full_scenario_mean,episodes_full_scenario_sd,episodes_full_scenario_min,episodes_full_scenario_max
_baseline_,baseline,,5,5,0,,37165.996751949846,1125.1307352379897,35522.99989774647,38491.99842156724,0.020353131693602557,0.00020810342598457166,0.020127016755296566,0.020662536533772237,74332.0,2250.2612070601936,71046,76984,9999327.2,1479.2468353861705,9998217,10001741,39.641120970694296,0.8494879436738354,38.8419183535638,40.99284150607284,21.211996958630333,0.3391381402078383,20.696729511022568,21.606166820973158,70.8402555991337,1.7919711683131219,68.95635976251221,73.66892880946398,0.5505711245934221,0.011798443662137557,0.5394710882444742,0.5693450209180103,26.9259128450743,0.8240626154972551,25.979244814247775,28.15076804956387,1938.6657248449665,59.332508315731154,1870.5056266256615,2026.8552995682014,4.870174262645501,0.39653678922320096,4.270139014724459,5.315538323097089,33246.2,2168.170242393341,29796,35678,4931.2,477.45701377192063,4372,5544,36154.6,434.8238723897298,35706,36696
allow_self_transition,off,0.0,5,5,0,,54306.49512664869,1954.273529354733,52693.99984831947,57531.486305040606,0.024441653761521735,0.00037166068217634656,0.024034613543890967,0.02484825301111924,108613.0,3908.5561912296976,105388,115063,9999327.2,1479.2468353861705,9998217,10001741,32.59547905648431,0.8389937587970088,31.25122640976499,33.575731496145416,17.869575672596692,0.21202100053563183,17.69487626850605,18.238938588649035,59.39906893759966,1.6042664854200555,57.4385408192873,61.06563534960152,0.4527149868956604,0.011652691094599705,0.43404481124644817,0.4663296041134074,18.432339684893797,0.642563855662341,17.38171509663795,18.977165988098598,1327.1284573120934,46.26459760771275,1251.4834869576298,1366.3559511428316,6.518772871455172,0.4354605570579675,6.062157336321247,7.103877585666107,40022.0,2487.0271409857996,36264,43023,4995.0,529.9759428502392,4348,5658,63596.0,2724.5940064530714,60130,67692
average_speed_mph,100,100.0,5,5,0,,18520.09687496192,668.3524750012677,17450.992761884172,19280.49850847458,0.0202192904825657,0.0003955596448934863,0.019705050251558075,0.020794647380241806,37040.2,1336.7003029849286,34902,38561,4999789.6,1519.0652718036838,4998603,5002428,39.510722067999765,0.7670683243599263,39.010142940053406,40.85470862522315,21.221652137115598,0.34856917285129946,20.67291009053588,21.537891812622547,70.7968158445135,2.090219135882328,68.21074787154794,73.87591727320105,1.0975200574444854,0.021307453454335473,1.083615081667872,1.1348530173670288,54.05149079036577,2.0010765799244816,51.86150553119594,57.302199852979875,1945.8536684531932,72.03875687736814,1867.0141991231474,2062.879194707504,5.157867824518506,0.2927507470656075,4.713537600845915,5.495472894816182,16573.2,1131.2169111182877,14749,17844,2470.8,249.0566200686101,2219,2792,17996.2,366.0419374880425,17361,18303
average_speed_mph,25,25.0,5,5,0,,73988.99799534622,2067.5606557982014,71063.49791491184,76215.99855373675,0.02028987148752103,0.00027399897385643686,0.020017475583155885,0.02067113289007716,147978.0,4135.122065912928,142127,152432,19997934.6,1189.9455029538117,19996523,19999158,39.69936200195489,0.6441113094790792,39.14141444792123,40.758269598003594,21.27374461144209,0.3570700753921172,20.75880827009678,21.689536049962044,71.00949485957624,1.8588926870735571,69.05637863278388,73.77954859137537,0.2756900139026837,0.004472995204746676,0.2718153781103745,0.28304353887505845,13.523953014171287,0.38100822964553993,13.120365523032648,14.07185514876262,1947.4492340401775,54.865185069090636,1889.3326353158836,2026.3471414216674,4.925119119890043,0.7174957741879334,3.8834867569287486,5.572425473647233,66620.6,4192.378418034326,59902,71249,9810.4,1026.349014711857,8572,11092,71547.0,1062.5751738112463,70562,73108
average_speed_mph,75,75.0,5,5,0,,24713.498112727208,836.551862888515,23522.996535383543,25830.498299442992,0.0202285860869522,0.000423477850968818,0.01973771147732302,0.02089893888389352,49427.0,1673.1029555888065,47046,51661,6665760.8,1923.9284550107366,6664231,6668887,39.491925489515765,0.5877156638802684,39.030637589958516,40.46736067410988,21.168219909770414,0.30740102859826035,20.671832129359245,21.51754646212794,70.70828420035542,1.7802756916669076,68.60727696940303,73.30686149001122,0.822748447698352,0.012244076330963869,0.8131382831243292,0.8430700140445005,40.50046879323386,1.3789335863146968,38.71360731701248,42.51131618072198,1944.0225020752519,66.18881214331786,1858.253151216404,2040.5431766750419,4.995138449561851,0.654376487785537,4.331401368200354,6.08968839085188,22058.6,1493.8012920064034,19665,23739,3307.0,341.94809547649186,2942,3744,24061.4,304.214233723539,23637,24395
base_weights_shape,flatter,,5,5,0,,37136.09676483345,1430.311370627164,35156.49989880145,38755.49841076195,0.020223321028824508,0.0003672627332341718,0.019788187729459106,0.02068807545918115,74272.2,2860.6219079074394,70313,77511,9999327.2,1479.2468353861705,9998217,10001741,39.43680476441811,0.821514476988889,38.64394993076679,40.710752263893475,21.259797038696707,0.3622669596038636,20.885198786854744,21.815839569084346,70.35846793139353,1.7291606753335942,68.80015717400238,73.11507732272149,0.5477333995057896,0.011409923291664518,0.5367215268163035,0.565427114776378,26.959849852112047,1.0477246748365725,25.80261102011393,28.44421057391986,1941.1091893516837,75.436176588157,1857.7879934480259,2047.9831613218296,5.2505852485107365,0.4854505337345122,4.574332503855678,5.809191535611508,33363.4,2229.116035562079,29738,35731,4910.4,502.79101026171895,4298,5516,35998.4,1086.3626466332503,34741,37367
base_weights_shape,steeper,,5,0,5,"ConfigError: Layer 'temporal_modifications': element count n=30 in the configured range is infeasible: Calculated unknown weight (0.0223534) is not smaller than the very_rare weight (0.008). Fix this by one of: (1) increase the proportion of unknown elements, (2) lower target_unknown_element_probability, or (3) use unknown_weight_mode='fixed'.",,,,,,,,,,,,,,,,,,,,,,,,,,,,,,,,,,,,,,,,,,,,,,,,,,,,,,,,
concentration_scale,1000,1000.0,5,5,0,,33666.39706750438,6072.309160120958,27987.49991943753,43084.49823324363,0.018565643983879304,0.003740969498307125,0.0139814304070673,0.02251574631553527,67332.8,12144.618693067312,55975,86169,9999327.2,1479.2468353861705,9998217,10001741,39.82498758116585,3.761006400646428,36.06493525056451,44.10218708995139,20.14787925221026,1.6826436590530465,17.96711167693138,22.47758387029171,67.59369511356577,9.049794767199542,55.67062761187553,78.99938209168613,0.5531248275165739,0.0522362000092726,0.5009018784806478,0.6125303762503067,30.417130637322906,4.984446890612035,23.210192773063415,35.73022718801813,2190.033405886808,358.8801761239405,1671.1338796604066,2572.576357536801,5.5292399575464115,1.2472122153317797,4.080016006253761,7.5005465020502236,28118.2,10141.273130135092,19499,42962,3554.0,2254.045252429507,684,6411,35660.6,942.5034747946556,34173,36796
concentration_scale,100000,100000.0,5,5,0,,36698.89678459092,676.1045590419591,35821.9998968858,37699.498454065106,0.019884497806685376,0.0002704113304869729,0.01944882864549884,0.02011962731145416,73397.8,1352.2097470437047,71644,75399,9999327.2,1479.2468353861705,9998217,10001741,39.211369614161306,0.7276440776452145,38.48755645194384,40.12593504054252,21.17059626635164,0.30145948924456917,20.798074178397655,21.562878280878067,70.51149175144734,1.0090125195961492,69.12989440523093,71.77171994447708,0.5446023557522809,0.0101061677450015,0.5345493951664112,0.5573046533407081,27.255839556514438,0.5000525956181826,26.525199991289632,27.91579848765165,1962.4204480686512,36.00378688443383,1909.814399372672,2009.9374911105247,4.786232963989218,0.6049928150562619,4.151794502173624,5.734163531632816,32525.8,1161.9370464874592,31171,34126,4811.2,218.0153664309009,4560,5089,36060.8,612.8655643777026,35384,36925
concentration_scale,5000,5000.0,5,5,0,,37452.69672793638,2061.7847173198793,34479.999900748764,39858.998365510975,0.02047682893065881,0.0004890859117260826,0.01996059992488607,0.021107566987911542,74905.4,4123.569303406941,68960,79718,9999327.2,1479.2468353861705,9998217,10001741,39.62635997275181,1.4092410727612878,38.33771955577207,41.89963979120462,21.247465239302255,0.3876370133557184,20.67239362106193,21.717363096773624,70.6077699291706,3.3332353809487003,67.7550408706069,76.16674122884868,0.5503661107327424,0.019572792676748243,0.5324683271642535,0.5819394415438869,26.76628505295663,1.5012147010005785,25.088424402487295,29.002312454311408,1927.172523812495,108.087458471962,1806.3665569789134,2088.166496710012,4.651679133284636,0.3519623940631801,4.344212595630754,5.228065002159987,33695.4,4091.139853390495,27004,38026,4964.6,986.2777499264596,3714,6190,36245.4,481.8068077559718,35766,36974
element_count.ego_maneuver,n12,12.0,5,5,0,,37433.396722236495,1008.2194645828971,36609.499894618966,39059.99890880734,0.020260347171290355,0.0009891522453026038,0.019154886336818226,0.021533740974350794,74866.8,2016.4392378646078,73219,78120,9999327.2,1479.2468353861705,9998217,10001741,39.15814032910428,1.4122682962759014,37.44436671237192,41.113221204950655,20.948258423805235,0.4852200131652455,20.31011340022087,21.60212991759181,70.13889085151256,2.8699202458177293,67.23726163320242,73.4412353642285,0.5438630601267717,0.019614837448528363,0.5200606487833349,0.5710169611808733,26.728859960408176,0.704427470864299,25.601470696694022,27.315307049390388,1924.477917149011,50.71877790223054,1843.3058901616043,1966.7021075557223,5.2210465304327185,0.3631316434630051,4.837884346439391,5.781122069683632,33477.8,1666.8670312895388,31748,36015,4793.6,766.5561297126258,4053,5873,36595.4,802.9267089840765,35629,37691
element_count.ego_maneuver,n7,7.0,5,5,0,,37355.09665940595,2728.622127220402,35500.999008232706,42148.99462087951,0.020486675085046653,0.0017825924019990995,0.019201242335486434,0.02356271826723719,74710.2,5457.247309770742,71002,84298,9999327.2,1479.2468353861705,9998217,10001741,39.66132561350223,0.6602764072579288,38.770570849471376,40.500795679807275,21.47643364954274,0.5549514831927737,20.77609522640705,22.205354433506727,70.78947340756656,0.7006000194935581,70.13491072654725,71.85867818295957,0.5508517446325478,0.00917050565625882,0.5384801506877855,0.5625110511092017,26.874972305461434,1.8041372442039583,23.72515616994627,28.167201802076757,1934.9980059928457,129.89788158272782,1708.2112442356972,2028.0385297491275,4.863733469443959,1.1134345653762028,3.5538433823724898,6.45134322070905,34143.2,4663.4799452769175,30536,42124,4751.0,490.9857431738726,4372,5580,35816.0,630.419304907456,34852,36594
element_count.environmental_conditions,n15,15.0,5,5,0,,37091.89677602095,1213.955121956482,35534.49989771337,38491.99842156724,0.02008879991531011,0.0005607695178285123,0.0194096053383693,0.020662536533772237,74183.8,2427.9087091569154,71069,76984,9999327.2,1479.2468353861705,9998217,10001741,39.196546611358016,0.5225685343536304,38.65078376088978,40.00086333790941,21.068596663698553,0.28281119495586393,20.692406801506877,21.377788804471493,69.70333802009,1.7292189877355892,67.647219791729,71.32116856425999,0.5443964807137163,0.0072578963104393615,0.5368164411235105,0.5555675463599167,26.98274901308044,0.8861556696571534,25.979244814247775,28.141657640452443,1942.7579289414066,63.80320821523557,1870.5056266256615,2026.1993501121788,5.119078046986019,0.7837141975988439,4.270139014724459,6.096689458351431,33246.2,2168.170242393341,29796,35678,4569.4,755.9978835949212,3484,5202,36368.2,489.94765026480127,35731,36932
element_count.environmental_conditions,n21,21.0,5,5,0,,37133.29672797992,1401.8155155362895,34754.49989995861,38025.99844067639,0.0200799898757743,0.0010047834808952693,0.018811416119799026,0.021326815128535886,74266.6,2803.632607885705,69509,76052,9999327.2,1479.2468353861705,9998217,10001741,39.119991705782,1.3579391157549787,36.94183398284934,40.68039539874086,21.09290383309126,0.30086477763606534,20.78838363289833,21.47163138911128,69.52265095159416,2.4340306838335337,66.25223709121352,72.142177039385,0.543333218136479,0.018860265496719614,0.5130810275401145,0.5650054916500539,26.961565290719882,1.0608207913922374,26.29779732306254,28.77324874889946,1941.2327009314479,76.37909698021014,1893.4414072603226,2071.6739099203546,5.066086418955946,0.31133089229372335,4.725676575649331,5.393874844706732,33246.2,2168.170242393341,29796,35678,4545.0,893.032754158547,3576,5585,36475.4,538.0072490217952,35746,37166
element_count.ru_maneuver,n12,12.0,5,5,0,,37373.99676338628,1685.5441064082684,35353.49989823438,39001.99891042765,0.02013987414347547,0.0010955844275435604,0.01909434568074546,0.021657200537586126,74748.0,3371.0866200677788,70707,78004,9999327.2,1479.2468353861705,9998217,10001741,38.98025405832588,1.1670734203233157,37.50699197054242,40.762980101918615,21.00899741873145,0.42186087203597356,20.544917464256287,21.630229603499174,69.30523509949447,1.8513299209778837,67.7955956608057,72.27616518735886,0.5413924174774072,0.01620935305995841,0.5209304440358978,0.5661525014160065,26.80064675774088,1.226567729362507,25.63968610139398,28.28571368726293,1929.646566556962,88.31287651405428,1846.0573993000003,2036.5713854825326,5.270969276982422,0.7711480374920157,4.182853656003725,5.899996690714375,33781.4,2981.6251105730917,29903,36177,4542.6,421.4976868263929,4167,5008,36424.0,523.2193612625588,35748,37085
element_count.ru_maneuver,n7,7.0,5,5,0,,36747.196736756385,1687.7275686021987,34004.4999021175,38377.495102204164,0.02013111891726244,0.0012002006493412238,0.01835063958113765,0.021708812104816278,73494.4,3375.457865238433,68009,76755,9999327.2,1479.2468353861705,9998217,10001741,39.6058922631391,0.8024069465909152,38.998657973829935,40.93832986553159,21.349425055086613,0.6056772164793462,20.509970393031836,22.150875255465508,70.38304556697612,2.048475530866005,67.2403168573976,72.37602406144157,0.5500818369884073,0.011144540925189987,0.5416480274144334,0.5685879147997829,27.26022506536815,1.3012992793677116,26.055658941343836,29.40786464805121,1962.7362047061208,93.69354811448314,1876.0074437762803,2117.3662546592723,5.256340640992805,0.3079611549458112,4.767326712387707,5.619276889971183,33314.4,3188.261328686844,28401,37276,4650.4,526.3390542226559,3950,5302,35529.6,688.823852664816,34841,36493
element_count.temporal_modifications,n30,30.0,5,5,0,,36746.69680874918,1288.7067995316725,35506.49154793329,38491.99842156724,0.019560264934502813,0.0009701735698600276,0.018599982668643433,0.020662536533772237,73493.4,2577.412132352915,71013,76984,9999327.2,1479.2468353861705,9998217,10001741,38.49440634756438,0.7188048339540596,37.4606666251506,39.34320093789189,20.98989800699055,0.37219960019506576,20.41937925107777,21.377788804471493,69.52430961467327,2.41428584433668,66.72840933352711,72.6587203461677,0.5346445326053735,0.009983400471791576,0.5202870364600675,0.5464333463600103,27.239263107176065,0.9422197679886621,25.979244814247775,28.16336066569543,1961.2269437162893,67.8398232951054,1870.5056266256615,2027.761967929581,4.527401553409699,0.6566139979827437,4.099327794029664,5.693375485711549,32495.2,2000.835500484735,30654,35678,4742.0,591.5374037201705,4183,5537,36256.2,673.6936989463387,35620,37115
element_count.temporal_modifications,n46,46.0,5,5,0,,36247.296818809446,1814.345008957449,34279.99990132447,38533.4950822952,0.019467304178964535,0.0009133751641749677,0.01843685879070689,0.020941688243658833,72494.6,3628.6907831888902,68560,77067,9999327.2,1479.2468353861705,9998217,10001741,38.86811254074348,0.9731076496523923,37.179347599103494,39.5437991805177,20.91448173709214,0.15155816615790274,20.707342334091663,21.054230766370893,68.81572624519472,1.3685812624284734,67.08175321519383,70.78027082234621,0.5398348963996408,0.013515384023338914,0.5163798277649871,0.5492194330628959,27.642249051310756,1.3671200810861666,25.95061563025442,29.171516393950757,1990.2419316939845,98.43264583822679,1868.444325377846,2100.3491803640427,4.674735445433603,0.41849740254496354,4.174840743318455,5.129967222342752,32459.8,2843.134485035838,29939,35605,4398.2,225.67941864512147,4108,4628,35636.6,1040.6698804135729,34128,36912
element_count.triggering_conditions,n100,100.0,5,5,0,,37121.39676846499,1513.6180743298346,35261.499898499205,39270.498389643464,0.02013082017078811,0.0007699038258066495,0.01920183535524458,0.021162170691079698,74242.8,3027.235240281138,70523,78541,9999327.2,1479.2468353861705,9998217,10001741,39.239321570900955,0.5317064372673909,38.68817316029439,40.077926401731766,21.081442603096367,0.4754836617687799,20.512766310945153,21.75717969238758,69.85893839158118,2.337326911344957,66.15644601918758,72.30690106749535,0.5449905773741464,0.00738481162865132,0.5373357383386639,0.5566378666914323,26.973929198941686,1.0902889392142776,25.46423120128405,28.35953471703295,1942.1229023234155,78.5008036233327,1833.4246464922771,2041.8864996259722,4.906208445100608,0.4212579651624304,4.413961743032193,5.546775252836364,33246.2,2168.170242393341,29796,35678,4649.6,739.1689928561668,3607,5642,36347.0,734.0899127491127,35200,37221
element_count.triggering_conditions,n150,150.0,5,5,0,,36990.59675453593,1456.0650807007455,34795.99989983915,38827.99840778896,0.019990470348996432,0.0006735059498155901,0.01886206844294693,0.020519916183442618,73981.2,2912.1307834642316,69592,77656,9999327.2,1479.2468353861705,9998217,10001741,39.11038177527384,0.7271078845577783,38.2485681231777,40.01703071896689,21.043979301303626,0.28858250512346445,20.74051032215357,21.455944396555424,69.54152544893324,0.7162636538452182,68.52961716502905,70.14286227412524,0.5431997468792155,0.010098720619105977,0.5312301128220117,0.5557920933198325,27.067450602327277,1.0826991465252296,25.754432146647403,28.738927848737134,1948.8564433671775,77.95433854974448,1854.3191145584362,2069.202805108668,4.968899270132011,0.43156588288429143,4.438284164840939,5.591581311546814,33246.2,2168.170242393341,29796,35678,4500.4,280.3110771981728,4196,4866,36234.6,561.9179655430141,35600,37112
element_count.triggering_conditions,n50,50.0,5,5,0,,37107.19676436067,1479.7618642364669,34978.49989931383,38562.998418655756,0.020254146136378208,0.0007022386800740485,0.019450096916998318,0.02095972170860707,74214.4,2959.523154158453,69957,77126,9999327.2,1479.2468353861705,9998217,10001741,39.5011073489898,0.8590292539937489,38.46018029662158,40.47641688889612,21.165506184101105,0.1937905154841856,20.854271810501814,21.335653889924288,70.52916682027282,1.6322101174249597,67.81903296560053,71.90563938915732,0.548626490958718,0.011930961861019933,0.534169170786878,0.5621724567903374,26.983600745104837,1.0980015041607556,25.931587908776148,28.588982758684832,1942.8192536471645,79.05610829951328,1867.074329431705,2058.4067586249043,5.088787360731917,0.27001868852131383,4.634421590094811,5.286085975949228,33246.2,2168.170242393341,29796,35678,4793.4,749.2735148128486,3526,5486,36174.8,866.5216096555238,35123,37220
element_count.triggering_conditions,n75,75.0,5,5,0,,37095.89674241438,1086.9795479094296,35286.49989842724,37888.99894152077,0.020279508740281917,0.0007294279079425359,0.019370915336284423,0.021200519787237613,74191.8,2173.9601422289234,70573,75778,9999327.2,1479.2468353861705,9998217,10001741,39.5627005186521,1.537998438924872,37.00558014235763,40.85109415727411,21.201171566545963,0.3338844936327629,20.854680575430393,21.736264303326607,71.02177205741411,2.370303492347868,66.89693268910054,72.71626191660765,0.5494819516483778,0.02136108942966399,0.5139663908664672,0.5673763077408881,26.97578546302163,0.8136874020013508,26.392711483883673,28.33944237667826,1942.256553337174,58.58549294406155,1900.275226839248,2040.4398511204347,4.9251466687160015,0.46218674867562637,4.448042616994628,5.535952828914384,33246.2,2168.170242393341,29796,35678,4884.4,750.0138665384794,3600,5488,36061.2,486.1755855655444,35477,36504
fixed_unknown_weight,fixed_0.0005,0.0005,5,5,0,,18233.598427659614,389.2999204964245,17628.49580366249,18587.49948073365,0.004373336674567571,0.00015091702436834486,0.004225227015947699,0.004576552830542308,36467.2,778.5972643157694,35257,37175,9999327.2,1479.2468353861705,9998217,10001741,17.271504826265197,0.5583139842833763,16.639303395105937,17.828774877507676,12.9880702059716,0.2573918922120805,12.69712433218956,13.297552198171616,35.1258666586876,0.8929122403146778,34.01639795303345,36.050290888547906,0.23988201147593494,0.00775436089277283,0.23110143604302347,0.2476218732986445,54.86267550634791,1.1876417386751632,53.79835028157224,56.72450386273254,3950.1126364562706,85.51020518444895,3873.481220272438,4084.16427811575,8.857275238974534,0.555170646634824,8.144595976656237,9.54874912558759,899.0,513.398967665499,371,1728,82.2,54.59120808335349,15,152,35486.0,862.6070948004079,34497,36162
fixed_unknown_weight,fixed_0.001,0.001,5,5,0,,18710.598377654598,406.58819215354737,18230.49566036072,19084.499217406214,0.0046924727671996905,0.00021633214971162405,0.004384300877570417,0.004989075534021461,37421.2,813.1747659636272,36461,38169,9999327.2,1479.2468353861705,9998217,10001741,18.05640404694679,0.6978996563367992,17.221842899472797,18.835867420265444,13.195055735856295,0.23819720606132144,12.915416944772005,13.546046704053879,36.103287427425386,0.8303428156023518,35.24613440632821,37.405809476971626,0.25078338954110435,0.009693050782515727,0.2391922624927885,0.26160926972586307,53.46457437640972,1.1683591598685272,52.39683699573445,54.85137085346977,3849.4493551007413,84.12185951039261,3772.572263692527,3949.298701448863,9.08954075328856,0.6282821732014718,8.16364521932225,9.7827380218057,1369.0,367.95855744906925,961,1751,202.2,110.60605770029053,27,333,35850.0,672.2365655035436,34790,36512
fixed_unknown_weight,fixed_0.005,0.005,5,5,0,,22666.69796823192,711.253407587566,21904.499936947544,23836.994325773758,0.007748602844721414,0.00044821722848364026,0.0072607190287145235,0.008481806222661774,45333.4,1422.5109138421399,43809,47674,9999327.2,1479.2468353861705,9998217,10001741,24.61783615125778,0.8912755554636189,23.25740126846925,25.645213422392054,15.323222308978439,0.5263606201705457,14.936712726950645,16.214673813432455,45.62910639235518,1.7988239611283985,43.58385514579714,47.92211306896063,0.34191439098995763,0.012378827159179467,0.32301946206229515,0.35618351975556045,44.15073377240241,1.3535436310370732,41.95024190729457,45.65270759089034,3178.8528316123507,97.4551414347145,3020.4174173244746,3286.9949465434597,7.511319628426344,0.6071771690212153,6.672086362086896,8.147349429472914,8214.0,1560.5780980136815,6751,10859,1019.8,252.42068061076137,764,1370,36099.6,262.40865077203534,35688,36388
full_scenario_enabled,off,0.0,5,5,0,,19088.69833212108,1025.0417107317705,17669.99994913662,20439.999161821528,0.01634528370872313,0.00024639432504838284,0.01612645239951507,0.016730746103002892,38177.4,2050.0833641586382,35340,40880,9999327.2,1479.2468353861705,9998217,10001741,62.13519128383316,2.612928306389521,59.29619367130373,66.14504780237579,34.10141811221838,0.7624601054604002,33.34943890571594,35.379852794110775,109.26693936556578,6.742697164792383,105.5051191359758,121.26893013417722,0.8629887678315911,0.036290670921957154,0.8235582454353284,0.9186812194774907,52.506992875402545,2.838781779483247,48.92334106604821,56.58876654354946,3780.5034870282348,204.39228812262976,3522.4805567551352,4074.391191134776,0.9763316731894063,0.06587507275243382,0.8942724520342814,1.0737331251617455,33246.2,2168.170242393341,29796,35678,4931.2,477.45701377192063,4372,5544,0.0,0.0,0,0
full_scenario_target_mass,0.002,0.002,5,5,0,,28201.697541818587,1077.825954012825,26777.999922919098,29680.998782877927,0.01835801997786457,0.0002393356714989947,0.018133179327056898,0.018730815469372643,56403.4,2155.6513632774663,53556,59362,9999327.2,1479.2468353861705,9998217,10001741,47.1595884037804,1.2832112628354495,45.68643909993724,49.0964535662473,25.157404429093003,0.34151302010618245,24.619873981922865,25.460773341357708,83.91868511404843,2.609432260526098,82.14969478696585,88.4865734167397,0.6549942833862674,0.017822378650460127,0.6345338763884181,0.6818951884203164,35.49958117517473,1.3554226769659807,33.69135444863803,37.34407847578824,2555.9698446120738,97.59043274143663,2425.777520301707,2688.7736502562257,3.0373825097009246,0.26747634573050366,2.7325718168582718,3.3183754308175435,33246.2,2168.170242393341,29796,35678,4931.2,477.45701377192063,4372,5544,18226.0,334.3927331746311,17713,18563
full_scenario_target_mass,0.008,0.008,5,5,0,,55221.4951843299,1426.7417252667005,53251.99984671326,56845.4976689494,0.024395562927909918,0.000205889553050203,0.024134980332175787,0.024683375161684375,110443.0,2853.481995737839,106504,113691,9999327.2,1479.2468353861705,9998217,10001741,31.948701938556013,0.5727173399763704,31.393927652083306,32.76425462304019,17.794184411596508,0.23182971058961238,17.52604280784726,18.148364007472992,57.19859409794211,1.0284751742680598,55.70693629235029,58.387079649418595,0.4437319713692004,0.007954407499686782,0.43602677294587683,0.45505909198686545,18.11839023766493,0.47117467798093254,17.5914204535104,18.77863241614695,1304.5240971116168,33.92457681457852,1266.582272652628,1352.0615339623153,7.079134241389047,0.9043838527935928,6.1967275842317715,8.55932105506123,33246.2,2168.170242393341,29796,35678,4931.2,477.45701377192063,4372,5544,72265.6,1031.2813874011301,71145,73306
hidden_triggering_enabled,off,0.0,5,5,0,,37175.89675117536,1125.4262991342084,35532.99989771769,38500.99842119817,0.020353131693602557,0.00020810342598457166,0.020127016755296566,0.020662536533772237,74351.8,2250.8523274528698,71066,77002,9999327.2,1479.2468353861705,9998217,10001741,39.630564404214255,0.8492554880941686,38.83283866043422,40.98130495089707,21.217883895523848,0.34013025128398916,20.7006950173527,21.61311362683773,70.85879910695833,1.7776110613866685,68.98807034583297,73.66113063693047,0.5504245056145325,0.011795215112420413,0.5393449813954522,0.5691847909850134,26.918742213553685,0.8238361563560431,25.973171901769444,28.14284562025884,1938.149439375482,59.31620325756381,1870.0683769272218,2026.2848846582392,4.872736722750591,0.39710197830021676,4.273307787215342,5.32036834993775,38197.2,2050.2155252558205,35360,40898,0.0,0.0,0,0,36154.6,434.8238723897298,35706,36696
mean_duration.ego_maneuver,x0.5,0.5,5,5,0,,54688.19716974753,1869.2899383595534,52033.49876879609,56933.99062407912,0.020185864562756253,0.0004020421699890938,0.01970226205754386,0.020613506793161197,109376.4,3738.5849328322074,104067,113868,14727896.6,3947.640409155829,14724273,14733837,26.720419064313848,0.6786871806758796,26.191512918470828,27.84552157661931,9.998423420544714,0.2816106222609222,9.65202751941979,10.231798879802227,55.09015830021356,1.96079184547251,52.75221861749887,57.149728029966354,0.37111693146178143,0.009426210843260273,0.3637710127688532,0.3867433552445475,18.302449805870832,0.6325755652482077,17.564048763427753,19.21821857879023,1317.7763859766605,45.54544069635028,1264.6115109222687,1383.7117376245826,6.6125002157096855,0.6575274608600067,5.980543798091934,7.514356498106434,52913.6,3477.0364248882984,47037,55876,4956.0,510.7778382036558,4334,5452,51506.8,1643.5914029952821,49886,53635
mean_duration.ego_maneuver,x2,2.0,5,5,0,,27792.896850947105,743.4243246392377,27094.99962678884,28980.496279192055,0.02019504406991034,0.0003988474821122298,0.01966151775761806,0.02072374877924211,55585.8,1486.8495888959312,54190,57961,7598896.2,1755.9085112841158,7596713,7601571,52.58185497701523,1.108419991277901,51.524483312662454,54.27847628033587,32.68043598867953,0.5448256249717829,32.1948372349143,33.51476027444005,90.66188054654747,2.3706924812387657,88.31583231985566,94.6261399000883,0.7303035413476898,0.015394722100526111,0.7156178237866925,0.7538677261150066,35.999862747532376,0.9445027322204876,34.505704876777905,36.90680904938522,2591.9901178221535,68.00419672004355,2484.4107511277844,2657.290251555972,4.067205839841159,0.33374890494850656,3.71255562296584,4.478741621199193,23254.4,1428.733810057003,21272,25055,4916.4,525.1878711470782,4269,5597,27415.0,268.881944354767,27148,27800
mean_duration.environmental_conditions,x0.5,0.5,5,5,0,,37360.09612682442,671.0918628975517,36547.48846331969,38171.99828066603,0.020282492859305806,0.0003832893578432556,0.019640516762110125,0.02066089465955968,74720.2,1342.178341354084,73095,76344,10079446.4,1641.6929676404172,10078148,10082287,39.28559758258224,0.7888257794497235,38.41636293875017,40.356324053110306,21.0157672688365,0.32143786331269514,20.767439275979996,21.375157728791237,70.53025296861307,1.8810359535095205,68.51519183814527,73.0006268285215,0.5456332997585754,0.010955913603767178,0.5335605963718357,0.5605045007386977,26.77250332743649,0.4803153206620365,26.197155523356173,27.361642689976147,1927.620239575237,34.582703087510986,1886.195197681794,1970.0382736781573,4.4946320168826235,0.47716166839748475,3.941091815569517,5.194070524282469,33221.8,2000.021174887906,29980,35437,4932.6,492.71218779323897,4300,5609,36565.8,696.7088344495138,35760,37506
mean_duration.environmental_conditions,x2,2.0,5,5,0,,37352.69644928554,1144.984469482995,35708.995656004765,38494.49624259688,0.020492325380626307,0.00040491445521535194,0.019917344642815377,0.020945808229889618,74705.4,2289.9674233490746,71418,76989,9959278.6,1787.9259772149405,9957787,9962276,39.71585320697659,0.9020696402153141,38.934531079795164,41.220389293536584,21.25811278820038,0.20381620763437286,20.962204854935408,21.47695602476597,70.81240013297648,2.0453055923625447,69.10920599699021,74.01114104520529,0.5516090723187843,0.012528745003106405,0.5407573761081288,0.5725054068546339,26.791682802940834,0.8303798075595462,25.975730945282347,28.00412579424885,1929.0011618115568,59.7873461441596,1870.252628060206,2016.2970571855246,6.489438864487458,0.6513088953067822,5.7153513671888465,7.29208759077248,33347.8,2057.947326828362,30002,35433,4961.2,522.9844165938408,4239,5536,36396.4,517.2864776891041,35880,37222
mean_duration.ru_maneuver,x0.5,0.5,5,5,0,,48802.69673958757,1235.8568242233844,47290.99711898489,50443.99984670889,0.020192134708822727,0.0003708988915769496,0.019832663127204567,0.020744330295221762,97605.4,2471.7127260262264,94582,100888,13173792.2,2043.6477680852931,13171828,13177100,29.948541664816805,0.4253757376749854,29.722932187797895,30.70739736882375,13.53346950225532,0.16816308967018767,13.323331147432327,13.708087015897036,56.59651348558255,1.0547313779391017,55.44850445389747,57.82869117334486,0.41595196757484726,0.005907996356915217,0.4128185026163205,0.42649163013107355,20.500578316900086,0.5172609270574148,19.823740656200687,21.145204435352177,1476.0416387894315,37.24278674756684,1427.3093272197477,1522.4547193171911,6.037489461986117,0.49425916215703714,5.314548318469678,6.628715462023913,45574.4,3050.4902556802244,41375,49543,4924.4,547.0761372971773,4328,5639,47106.6,1464.2476907955156,45117,48497
mean_duration.ru_maneuver,x2,2.0,5,5,0,,31072.198767649963,1228.5709875442278,29380.999054701508,32231.99713991154,0.02030651626126855,0.0004031428888355763,0.019807356073621357,0.02074336676803269,62144.4,2457.14210008294,58762,64464,8399322.0,1727.2748767929208,8397130,8401959,47.31283111761044,1.1566804340965622,46.55275358245529,49.29721535890049,24.3259442768991,0.4563655736146878,23.81825501844287,24.710141226649284,95.51130352526904,2.865840236001855,92.25509465187787,99.81178262531763,0.6571226544114487,0.01606500602914057,0.6465660219786317,0.6846835466517822,32.22327239799087,1.293848718738402,31.02434424382153,34.03531964917103,2320.075612655236,93.15710774912662,2233.752785554912,2450.543014740206,4.424859770895621,0.7422404654758025,3.7703712052656324,5.616852078309949,27034.0,1734.7012711126952,24085,28443,4930.4,498.690585433493,4306,5541,30180.0,981.8788112593122,29136,31364
mean_duration.street,x0.5,0.5,5,5,0,,37902.298119059655,1140.9499457473346,36256.99985359191,39036.49939415655,0.02009045758709218,0.0003150534686419455,0.019594541135592974,0.02040127362863817,75804.6,2281.8990556113563,72514,78073,10479448.2,1390.5738743410936,10477931,10481548,38.36281115343885,1.002988646100753,37.64079021096621,40.132484696191426,20.5119149396196,0.27857008840875463,20.092683911323547,20.78010763693601,69.35730594202877,2.003764754330379,67.73706966638572,72.41650032326581,0.5328168215758037,0.013930397862244035,0.5227887529311059,0.5573956207803274,26.402575967420375,0.8050041495968702,25.616879555885934,27.580503495436528,1900.9854696538346,57.96029877093201,1844.4153280234066,1985.7962516710147,4.567582427588077,0.5744995012389096,3.796617723198032,5.341301244480185,33284.8,2058.5472304516115,30016,35599,4871.0,539.4339625941251,4150,5562,37648.8,1062.4112668830278,36758,39013
mean_duration.street,x2,2.0,5,5,0,,36501.697681679354,1025.88293573014,35053.99653168405,37419.496173345084,0.02036511697250619,0.0003335314116965755,0.01992466440604622,0.020682252329384032,73003.4,2051.7661416448027,70108,74839,9759624.6,1639.3947968686493,9757883,9762087,40.380006264258526,0.6277456792634492,39.988242211173024,41.484641303128534,21.791422280669213,0.43810142087071735,21.160704530775547,22.28230756521225,71.99786004249006,1.7483644511048744,69.74659513793887,74.16202055793256,0.5608334203367502,0.008718689990140775,0.5553922529325973,0.5761755736550227,27.412999048438746,0.7820139601191244,26.72255236056695,28.52741004150806,1973.7359314872429,56.30500512844943,1924.023769960237,2053.9735229879584,5.1967105441242065,0.7050043585567669,4.501527869441142,6.232045719554582,33363.4,2111.673104436385,29951,35663,4967.2,468.14442216051236,4437,5531,34672.8,1159.1010309718476,33402,36424
mean_duration.temporal_modifications,x0.5,0.5,5,5,0,,38184.99718242047,1210.8950631432233,36638.49683118466,39565.99567103692,0.020320884834546003,0.0004043593855083603,0.01966024907560545,0.020667838230794055,76370.0,2421.792001803623,73277,79132,10238997.6,2474.1480958099496,10235410,10241655,38.52514263904162,0.8534617975439471,37.80615405052238,39.96851326345989,21.073625480011106,0.3059115749664698,20.64313341677189,21.47612270526588,72.839828247428,2.058727931295084,71.56500773578887,76.47675298154358,0.5350714255418907,0.011853636077121584,0.5250854729240519,0.5551182397701622,26.209254649323405,0.8373629496352131,25.273959679161365,27.293338118573576,1887.066334750944,60.290132373616814,1819.7250968993312,1965.1203445368365,4.95058479220755,0.8803361807671719,4.200284896787662,6.410392964671712,34257.0,1994.8819513946182,31008,36444,4905.6,496.4824266779238,4222,5564,37207.4,1016.9512279357353,35692,38262
mean_duration.temporal_modifications,x2,2.0,5,5,0,,36719.39757174668,1088.5023493054257,35347.49915272503,38040.498560750864,0.020188252961533752,0.000267828783253348,0.019785786267625744,0.02047209655505244,73438.8,2177.006247120113,70695,76081,9879287.8,1698.8158228601476,9877645,9881988,39.79340895931573,1.0565412011466115,38.65775348190096,41.51805824823972,21.269965593516826,0.24960316567176574,20.90991261973977,21.554514285176992,68.39244377747177,1.689663937077885,66.36866097450255,70.5023965716362,0.5526862355460629,0.014674183349293293,0.5369132428045083,0.5766396978923851,27.25226507521753,0.8076252094739752,26.286841070970684,28.290201911204825,1962.163085415424,58.14901508203584,1892.652557109711,2036.8945376063446,4.990857315924027,0.5408770349380806,4.189315296393087,5.530040407323796,32766.8,2035.119333110469,29497,34906,4901.2,488.3986076966232,4303,5575,35770.8,556.2123695136597,34917,36389
mean_duration.triggering_conditions,x0.5,0.5,5,5,0,,41680.59612189165,1115.4263337843838,40538.99539398068,42925.499130635406,0.020323386902412987,0.0002574540852125678,0.019920278656704975,0.020584512282946298,83361.2,2230.8545896135856,81078,85851,11196264.0,3855.0100518675695,11191712,11200619,35.28919796648749,0.8073909104904404,34.55437100291803,36.2712734944074,18.313711012899876,0.3965450381391975,17.89806717634201,18.791247386485338,63.29097344003618,1.4489854477297741,61.28189912736419,65.07080365084113,0.49012774953727145,0.011213762646156566,0.4799218194864856,0.503767687425509,24.00540029085267,0.6403979674665184,23.29606878587978,24.6673803681616,1728.388820930532,46.10865365731617,1677.316952572829,1776.0513864965314,5.67658885829741,0.42317292283784874,5.090132436418854,6.108934150346074,33217.8,2032.9571318648113,29891,35230,9842.6,1089.8315466162649,8468,11167,40300.8,886.538042048958,39266,41453
mean_duration.triggering_conditions,x2,2.0,5,5,0,,34522.59856086971,1268.467393680174,32984.49922087626,35804.499643224866,0.020316469150896146,0.0005004123014509493,0.01960389144410047,0.020800648990459226,69045.2,2536.93450841759,65969,71609,9399425.8,1895.6329286019486,9397877,9402464,42.602197269608595,1.0897584006084324,41.97439222962905,44.544224991005464,21.787716274708508,0.346872350292261,21.447915449738503,22.31065269932151,69.6070374316792,1.8433194736866791,68.14563286941265,72.58244151473046,0.5916971843002808,0.015135533341700688,0.5829776698564885,0.6186697915417654,28.99739428580684,1.068003940536595,27.92945048707658,30.31615106291242,2087.8123885780046,76.89628371879279,2010.9204350693115,2182.7628765298437,4.961610546434947,0.4750418410491076,4.277945218783234,5.486426659046545,33309.2,2166.445637443968,29840,35688,2487.0,280.37742419816897,2147,2882,33249.0,1144.3557139281475,31551,34773
min_duration_seconds,0.001,0.001,5,5,0,,37088.69666725204,1150.2374173738604,35530.499753276876,38162.990718951274,0.020454226326473902,0.00024648174296375335,0.020086948719131307,0.02076743086982412,74177.4,2300.4782763590706,71061,76326,9999833.4,1542.646524645228,9998325,10002289,39.923367566272816,1.014479588354797,38.964493185714964,41.608493963670895,21.396585085522382,0.33150721581135245,21.029726167675108,21.788737319409847,70.96995736956599,2.519471914713919,68.7120328307152,75.05260387063026,0.5544912161981168,0.014089994282155042,0.5411735164688167,0.57789574949437,26.983116081948634,0.8455402032205597,26.2032853099473,28.144507383505204,1942.7843579003809,60.87889463205081,1886.6365423161344,2026.4045316126653,4.878666190563328,0.3069523562291057,4.527302458341858,5.3130429592694055,33295.6,2074.78018112763,29883,35499,4968.6,532.8966128621948,4325,5595,35913.2,959.5518224671349,34762,37122
min_duration_seconds,0.5,0.5,5,5,0,,36887.99646219214,964.6290907283316,35489.99699303731,37846.998171828884,0.02024482132235708,0.0001817526726526184,0.019926169118028497,0.020382285523963515,73776.0,1929.2584067459704,70980,75694,9999841.6,1742.8131856283392,9998179,10002656,39.731803902931766,0.9751496983523026,38.96379390292652,41.36476189066238,21.261614005750744,0.2850852230818394,20.983121618628502,21.65780768916011,71.52194632391448,2.0467936383546848,69.13906688094141,74.76218885928392,0.5518306097629543,0.013543745810578102,0.5411638042079474,0.5745105818152789,27.12341949529362,0.7168601854184884,26.42186601435791,28.176196833224246,1952.8862036609758,51.613933350180254,1902.3743530335173,2028.6861719920207,4.642683649214478,0.42470710669068595,4.035595885839802,5.053217623762657,33223.6,2008.2003884074916,29904,35274,4979.0,538.8631551702157,4316,5675,35573.4,800.7929195491179,34522,36545
min_duration_seconds,30,30.0,5,5,0,,32181.7972839334,903.2557577502267,30979.498603195905,33158.99528433366,0.020280240128257583,0.00012848267259746716,0.02010055928512682,0.020425096801428056,64363.6,1806.5130223721058,61959,66318,8728576.4,1007.2709665229114,8727517,8729871,45.62507414553057,1.1196850525456985,44.48909981412897,47.351828389627805,30.0,0.0,30.0,30.0,74.75176353409888,2.978500621603856,71.71834194362165,79.69560076892378,0.6336815853608734,0.01555118128527518,0.6179041640910505,0.6576642831951662,31.092229030874535,0.8784370667836995,30.15723699504677,32.27782402608634,2238.640490200228,63.2474688076018,2171.321063621379,2324.003329854364,4.353847646942377,0.4912920523578194,3.857536920424926,5.149702491770654,28095.6,1682.1534710007884,25455,29938,4836.8,526.0230032992854,4169,5539,31431.2,774.4147467604165,30485,32424
min_duration_seconds,5,5.0,5,5,0,,37253.49757267981,1101.8514237540146,35614.49849652097,38470.49790237694,0.020367268863853746,0.0003383341059329465,0.020048416178604422,0.020742541815950824,74507.0,2203.703133364383,71229,76941,9989342.6,1971.6228848337098,9987784,9992690,39.57674876151255,0.8487865005272469,38.97896873566244,41.05943682919167,21.258327484084294,0.37898563923034956,20.78175626299344,21.758402943611145,70.82632726756859,2.3701447252538643,68.60347789525987,74.244806689024,0.5496770661338828,0.01178870139588359,0.5413745657750818,0.570269955962197,26.861784805487552,0.8049494961031907,25.99344469842591,28.078122969377148,1934.048505988851,57.95636371926488,1871.5280182805288,2021.6248537885838,5.096020350161815,0.40915529668781464,4.408683200950992,5.4396791838834835,33266.4,2138.795876188282,29855,35557,4991.0,562.230379826633,4302,5670,36249.6,972.4354991463445,35150,37544
rarity_proportions_shape,common_heavy,,5,0,5,"ConfigError: Layer 'temporal_modifications': element count n=30 in the configured range is infeasible: Calculated unknown weight (0.0304284) is not smaller than the very_rare weight (0.03). Fix this by one of: (1) increase the proportion of unknown elements, (2) lower target_unknown_element_probability, or (3) use unknown_weight_mode='fixed'.",,,,,,,,,,,,,,,,,,,,,,,,,,,,,,,,,,,,,,,,,,,,,,,,,,,,,,,,
rarity_proportions_shape,flat_known,,5,0,5,"ConfigError: Layer 'ego_maneuver': element count n=8 in the configured range yields zero unknown elements; shrink the range, raise the unknown proportion, or set allow_unknown: false.",,,,,,,,,,,,,,,,,,,,,,,,,,,,,,,,,,,,,,,,,,,,,,,,,,,,,,,,
rarity_proportions_shape,tail_heavy,,5,5,0,,36891.89680017789,1032.3053857895493,35831.999896857014,38075.49843864656,0.020340103973895123,0.00020103635275483758,0.020116520553911443,0.02057239515312635,73783.8,2064.608364799484,71664,76151,9999327.2,1479.2468353861705,9998217,10001741,39.91330543429848,0.7740810922569445,39.103183189734104,40.73245054559267,21.474453519983218,0.30580756023211675,21.237438447773457,21.932127341628075,71.35710921615363,1.2474640326207784,70.41099785268308,73.4895342156291,0.5543514643655131,0.010751126281164782,0.5430997665246785,0.5657284797996153,27.122440428629154,0.7533945923949126,26.26342638678482,27.90737991573924,1952.815710860914,54.244410652341486,1890.9666998483267,2009.3313539328324,3.7035569329342275,0.36439096982321484,3.262821764727557,4.171326902548296,33369.4,2097.2849830197133,29932,35556,4977.8,489.78689243384207,4393,5585,35436.6,968.8536009119231,34219,36632
target_unknown_element_probability,0.001,0.001,5,5,0,,22855.098001026512,583.4742537068424,21997.999936678403,23543.499034557004,0.008152019397044206,5.796875438181293e-05,0.008096538840950405,0.008237358706871756,45710.2,1166.9484564452707,43996,47087,9999327.2,1479.2468353861705,9998217,10001741,25.71204331683783,0.5657362801989518,24.956321142682103,26.531057393202836,15.42787937533576,0.20441726262384544,15.19068532064557,15.675999149680138,46.52777048714459,0.850790471098435,45.15630411170423,47.23892379179597,0.35711171273418363,0.007857448336052644,0.3466155714264852,0.368486908239086,43.776136915858515,1.1280983798263953,42.473823990264165,45.45866594347929,3151.8818579411914,81.22308334738383,3058.1153272987317,3273.023947929867,7.405636425961481,0.6145459748682127,6.764964094582541,8.139157465662707,8403.2,1056.0862654158514,6660,9513,1235.2,273.70732544088037,937,1602,36071.8,233.37459159043,35734,36320
target_unknown_element_probability,0.002,0.002,5,5,0,,27629.397589457414,801.0072478996091,26531.999923627212,28650.998825114904,0.012189070135251853,0.00011917153284648314,0.012053850306917819,0.01235850556510854,55258.8,1602.0139512501132,53064,57302,9999327.2,1479.2468353861705,9998217,10001741,31.840320843301633,0.8221415759831224,30.683610252794967,32.905777823121326,17.784650651738048,0.23024655960596738,17.47868604399264,18.08874550461769,57.22023128200324,1.000052999079227,55.966927838884295,58.666638733446625,0.4422266783797563,0.011418632999553298,0.42616125351187867,0.4570246919880065,36.21731395028733,1.0547302065140065,34.90255458413407,37.6903261504846,2607.646604420171,75.94057486890458,2512.983930057414,2713.703482834359,6.287420850675388,0.45088326686852515,5.789338651654138,7.001226545815161,16712.0,1517.5277592189211,14258,18383,2470.0,353.5116688314546,2027,2936,36076.8,339.197877351849,35614,36414
target_unknown_element_probability,0.008,0.008,5,0,5,"ConfigError: Layer 'temporal_modifications': element count n=30 in the configured range is infeasible: Calculated unknown weight (0.0498118) is not smaller than the very_rare weight (0.03). Fix this by one of: (1) increase the proportion of unknown elements, (2) lower target_unknown_element_probability, or (3) use unknown_weight_mode='fixed'.",,,,,,,,,,,,,,,,,,,,,,,,,,,,,,,,,,,,,,,,,,,,,,,,,,,,,,,,
target_unknown_element_probability,0.016,0.016,5,0,5,"ConfigError: Layer 'temporal_modifications': element count n=30 in the configured range is infeasible: Calculated unknown weight (0.100434) is not smaller than the very_rare weight (0.03). Fix this by one of: (1) increase the proportion of unknown elements, (2) lower target_unknown_element_probability, or (3) use unknown_weight_mode='fixed'.",,,,,,,,,,,,,,,,,,,,,,,,,,,,,,,,,,,,,,,,,,,,,,,,,,,,,,,,
transition_mode_conditional,conditional,,5,5,0,,19630.098285426175,1070.4820831858588,18138.999947786597,21029.999137627532,0.016568589046280436,0.0002632578158306658,0.016328927797452555,0.0169672988315122,39260.2,2140.9640819032907,36278,42060,9999327.2,1479.2468353861705,9998217,10001741,61.25727814568718,2.568148292370217,58.4674418059561,65.22370757891774,33.81456934642047,0.7554760394616193,33.067159835249186,35.086994387209415,107.20817836090922,6.648692397002652,103.48401007801289,119.06966257989403,0.8507955298015475,0.035668726282536214,0.8120478028610041,0.9058848274842656,51.06324768828581,2.808650100619858,47.55078893913578,55.12816240064585,3676.5538335558476,202.22280724446762,3423.6568036174494,3969.2276928457245,1.0069374939932372,0.07238390715944507,0.9169041081697146,1.0862399543890688,34329.0,2258.2579569216623,30734,36858,4931.2,477.45701377192063,4372,5544,0.0,0.0,0,0
unknown_proportion,0.05,0.05,5,0,5,"ConfigError: Layer 'temporal_modifications': element count n=30 in the configured range is infeasible: Calculated unknown weight (0.0785542) is not smaller than the very_rare weight (0.03). Fix this by one of: (1) increase the proportion of unknown elements, (2) lower target_unknown_element_probability, or (3) use unknown_weight_mode='fixed'.",,,,,,,,,,,,,,,,,,,,,,,,,,,,,,,,,,,,,,,,,,,,,,,,,,,,,,,,
unknown_proportion,0.2,0.2,5,5,0,,37523.696742644956,1613.2328797232096,35535.99989770905,39839.498887030975,0.02020019294042643,0.000736506747020529,0.019577283791927448,0.02138919136480255,75047.4,3226.4643652146538,71072,79679,9999327.2,1479.2468353861705,9998217,10001741,38.97225001562087,1.375682639027837,37.16064025992499,41.01036747272068,21.439555469155312,0.20375800899131655,21.160347513854504,21.60131775587797,70.31915627146141,2.5398167420889397,67.64440675079823,74.51418333575137,0.541281250216781,0.019106703320015742,0.5161200036093533,0.5695884371209439,26.688562165965937,1.1380065623805644,25.10013518891362,28.140338769379422,1921.5764759491678,81.93647249135495,1807.2097336014242,2026.1043913949222,4.443628027207228,0.277033602385709,4.1407327176678335,4.822353657003348,34060.8,2713.2293858057783,30367,37886,5046.8,508.44045865764855,4468,5722,35939.8,726.910035699054,34983,36788
variance_duration.ego_maneuver,x0.25,0.25,5,5,0,,37071.19840363255,947.6053650385064,35842.49663270231,38305.497311836014,0.02042281101031965,0.00013674164679032937,0.02022438481915739,0.020596933734382355,74142.4,1895.2099619831044,71685,76611,10000235.0,1358.0174888417307,9998735,10002348,39.88097818047352,0.9295773799089203,38.56718436709956,41.15995104108835,23.97670571729541,0.23553658851947828,23.747199676930904,24.3627814874053,64.33273718655111,2.4917704954271724,61.903354977071324,68.39608566313981,0.5539024747290162,0.012910796943591723,0.5356553384312652,0.5716659866822749,26.988608161340913,0.6895651155588418,26.105800860174117,27.898187045228543,1943.1797876163582,49.64868832016683,1879.6176619323974,2008.669467256182,4.919889543192007,0.4024578363803301,4.381019777661933,5.445121142908942,33423.4,2090.042535452329,30018,35694,4979.8,552.645184544297,4346,5654,35739.2,583.867022531672,34768,36213
variance_duration.ego_maneuver,x4,4.0,5,5,0,,37214.29665804242,1061.6004630706661,35931.49982653178,38808.99069726668,0.020414308328206388,0.0003416940246840393,0.020168199527356708,0.021003772386235933,74428.6,2123.2068434328294,71863,77618,9986804.2,2260.356321467923,9983394,9989513,39.703737128658766,0.5655773911564792,39.162178249815085,40.61619074171329,18.010956490784885,0.4543735926440489,17.32882460206747,18.47381714731455,82.18676217466593,1.607445459080002,80.31790013611315,84.64441317804157,0.5514407934602765,0.007855241543947131,0.5439191423655828,0.5641137603085608,26.88835511518119,0.7595903341897221,25.766322582147343,27.83063154889914,1935.9615682695992,54.69050406100693,1855.1752258922497,2003.8054714965724,4.8396190051941055,0.5955218866381373,4.1003444206789545,5.626374289443041,33303.6,2176.9023404829168,29835,35746,5008.0,516.3133738341473,4372,5694,36117.0,428.5702976175554,35496,36575
variance_duration.environmental_conditions,x0.25,0.25,5,5,0,,37093.19765351921,1177.2583851783138,35661.99843328355,38546.49560986291,0.02032878947072029,0.00033858094836580597,0.019809170880822922,0.020641403808500425,74186.4,2354.5194414147445,71324,77093,9999661.6,1992.4155691019882,9997584,10002775,39.66491964057207,0.9308602738309452,38.70385847927396,41.06540027135397,21.304480907320976,0.2745924115077305,21.025803700089455,21.64972297847271,70.89602364807274,1.9591067949944294,69.33940848708153,74.0241428061796,0.5509016616745754,0.012928614914581622,0.5375535899891765,0.5703527815468645,26.980039713159954,0.853287608433097,25.94228925313481,28.039089246227086,1942.5628593472302,61.43670780729279,1867.8448262255406,2018.8144257283043,4.844160711897711,0.566178784668943,4.146176910260486,5.453437592538987,33325.0,2102.808716930763,29880,35465,4944.6,528.1536708193933,4221,5594,35916.8,1029.3345908886963,35040,37683
variance_duration.environmental_conditions,x4,4.0,5,5,0,,36993.99907051139,903.120983866982,35609.99944521513,37872.99934752664,0.02023718031975549,0.0003476174554885826,0.019864643633846317,0.02058206917664347,73988.0,1806.2420934083007,71220,75746,9999210.8,1659.899153563252,9997419,10001787,39.58435503010061,0.5551635399467355,38.94801389498054,40.42374255137847,21.31693294532597,0.3106266772944256,20.99987117946148,21.789315819740295,70.95498204678299,1.9521350898843473,69.06051181107759,73.55589736234396,0.5497827087513931,0.0077106047214386365,0.5409446374303012,0.5614408687691284,27.044210466338846,0.6693468551814307,26.4036813845384,28.081675488809168,1947.1831535762442,48.19297357307205,1901.0650596866838,2021.8806351942299,5.007923937364813,0.4533722095879088,4.3045524794745145,5.572437743864146,33333.2,2010.0709440216283,30054,35500,4943.0,494.01619406655084,4284,5518,35711.8,706.2939897804596,34684,36674
variance_duration.ru_maneuver,x0.25,0.25,5,5,0,,36928.39616939177,940.1993034702474,35718.99699714873,38076.99583517826,0.020264800979950304,0.00022605020924617667,0.020018835936007937,0.020521815421584662,73856.8,1880.3997447351453,71438,76154,9999624.4,2015.4946787327424,9996787,10002332,39.721710303975705,0.5891159988098573,38.94361487058416,40.551175527928514,23.45231652613729,0.4593711904543643,23.0153818577528,23.97209932655096,63.732694075405604,0.9662112055411058,63.06329059377314,65.41075279638173,0.5516904208889525,0.008182166650193308,0.5408835398698324,0.5632107712220917,27.092846720275965,0.6899198726637967,26.261654890608863,27.99576124756004,1950.684963859579,49.67423083192809,1890.8391521234469,2015.694809824079,4.800741630543766,0.33676816198971676,4.3570623696607615,5.192741206430516,33276.2,2039.661908258327,29990,35467,4960.4,449.69912163578886,4323,5416,35620.2,427.9862147312691,35010,36032
variance_duration.ru_maneuver,x4,4.0,5,5,0,,37291.09432414174,1307.723909803198,35589.48346296614,38729.495529701635,0.02044573000814307,0.0005702458890608322,0.01981466775315401,0.021213174749721325,74582.2,2615.4408232647897,71179,77459,9994276.2,2377.9874263755055,9991453,9997738,39.68317885955427,0.7211552903469789,38.98656065678206,40.84060484051267,18.8916012391448,0.06424447414774682,18.806789856404066,18.967391304671764,75.27861533479158,2.7640452969863754,72.7916523635388,78.55556012957102,0.5511552619413794,0.010016045699404634,0.5414800091248072,0.5672306227881376,26.84223548021678,0.9439038906554625,25.81985156293675,28.098166577338898,1932.6409545634622,67.96108012678417,1859.0293125196617,2023.0679935558053,5.4825685339270525,0.5899152044746441,4.833745259398985,6.219397832187571,33351.2,2143.554221380929,29829,35521,4934.8,526.050092671791,4245,5448,36296.2,773.2361864268898,35578,37550
variance_duration.street,x0.25,0.25,5,5,0,,36974.89807163286,989.3739827264487,35889.99921550699,38217.49646424608,0.02017802390493618,0.00030274656006835764,0.019810340249197894,0.020632095560384468,73949.8,1978.749782059369,71780,76435,9999297.0,1591.7261070925488,9997731,10001631,39.50898078623213,0.6201136418075912,38.81903965805666,40.41183694298278,21.26043097805232,0.3029592791772649,20.998261810280383,21.673106027767062,70.88887535241436,1.4195457628072192,69.87698370218291,73.09198948242701,0.5487358442531969,0.008612689469652155,0.5391533285839223,0.5612755130972591,27.06031645419979,0.7205559620687666,26.1655630789503,27.862373823521306,1948.3427847020528,51.88002926907905,1883.9205416838772,2006.0909152934162,4.908850239421346,0.47047958855860217,4.500501473240037,5.64942292963844,33232.4,2087.2637111778663,29874,35529,4956.2,444.3621270990587,4429,5523,35761.2,832.888467923527,34385,36459
variance_duration.street,x4,4.0,5,5,0,,37245.89697709586,1248.7130871802235,35435.99808999572,38621.99543073212,0.020293561682498115,0.0004639333494053848,0.01974828590877441,0.020820348090781857,74491.8,2497.428117083653,70872,77244,9999577.0,1749.445197769853,9997809,10002220,39.43875310634379,0.8104293373810412,38.85184954815415,40.85840281560316,21.245155126601457,0.2555402537363136,20.86748868972063,21.55025812983513,70.94871571838857,2.1027530409920665,69.26052630618217,74.2152777723968,0.5477604598101242,0.011255963019287676,0.5396090215014283,0.5674778168833668,26.872611683264815,0.912311879661728,25.8918960399006,28.219817738310756,1934.8280411949193,65.6864553357666,1864.2165148723643,2031.8268771583594,5.528153620253441,0.7143098549976715,4.881164970780736,6.701030396662511,33300.6,2165.713923859751,29748,35578,4986.8,510.5131731894878,4360,5646,36204.4,673.5531159455801,35478,37089
variance_duration.temporal_modifications,x0.25,0.25,5,5,0,,37243.99755691262,1003.1811675395326,35907.99568314071,38418.996192629354,0.020252455833935968,0.0003464477341749501,0.019836650827419106,0.020657768397368697,74488.0,2006.3620062192167,71816,76838,9999601.0,1552.720676747753,9998039,10002198,39.36137176787522,0.9316229021868428,38.86087839425752,41.02048559417873,21.177650716062637,0.26779792278863834,20.873604014515877,21.51608369173482,70.556229630746,2.3782638455412903,68.11230906192213,74.30545776337385,0.5466857189983735,0.01293920697508575,0.5397344221426305,0.5697289665863987,26.865144254442974,0.7253915078289283,26.028790418835797,27.848935971980374,1934.2903863195656,52.22818856373656,1874.0729101561103,2005.123389982536,5.010836626366517,0.45672515881394504,4.317347426734471,5.5406676729210895,33269.0,2066.674623640596,29946,35496,4899.6,508.31023991259514,4342,5556,36319.4,815.8433060337015,35466,37619
variance_duration.temporal_modifications,x4,4.0,5,5,0,,37313.89487167785,859.6894694918681,36125.49325494686,38458.99499055319,0.02056182575930799,0.0003583597856114946,0.020107389625043937,0.02094925287390396,74627.8,1719.3772709908667,72251,76918,9998260.8,1250.3900191540238,9997174,9999807,39.884742619188806,0.6760727499302619,39.21949784931617,40.623532324068414,21.288816394656898,0.26495601084692644,21.00835384428501,21.65122625976801,70.26665890060364,1.5933463628596494,68.77731231898069,72.51587051898241,0.5539547585999183,0.009389899304850258,0.5447152479070129,0.5642157267239157,26.81087964509017,0.6189083541062775,26.0016008391757,27.68123668087496,1930.3833344462837,44.56140149548586,1872.115260420603,1993.0490410224832,5.342837706431117,0.22259054915864795,5.008275209480408,5.526908344844177,33304.2,2015.5896655817621,30099,35658,4944.8,514.8540569909107,4256,5583,36378.8,234.31431881129245,36028,36569
variance_duration.triggering_conditions,x0.25,0.25,5,5,0,,37242.29484886752,1128.1710394329768,35668.4922913053,38454.9986328339,0.020350415645383597,0.00034469606531641804,0.019764320433650354,0.020582984200376474,74484.6,2256.3388043465457,71337,76910,9999989.2,1915.5442307605429,9998260,10003209,39.56983687194285,0.9911697761413953,38.74341489497074,41.21460237767443,21.56799315060198,0.305567711277748,21.216534889987088,21.93940718099475,77.8470382638276,3.2019705593656185,74.97907868921759,83.14433809518816,0.5495810676656846,0.013766246890757401,0.5381029846522432,0.5724250330228425,26.8706241785627,0.8219644793542948,26.003555625978198,28.03563880061398,1934.684940856209,59.18144251341027,1872.256005070158,2018.5659936438476,4.57248532792961,0.42519581862938166,4.0758662640990675,4.947752686446154,33350.8,2242.190602959525,29616,35518,4965.2,463.51882378173167,4377,5570,36168.6,684.2209438478188,35056,36775
variance_duration.triggering_conditions,x4,4.0,5,5,0,,36981.39639581443,1045.0440601061741,35299.99769912329,37763.49900749623,0.02029901646972706,0.0003617009662518713,0.019872442062589823,0.020865665349389242,73962.8,2090.090835346636,70600,75527,9997789.4,2000.0171999260406,9995510,10000778,39.733416185941564,0.9650555855027323,38.96277159114065,41.3013517903745,20.397610747162254,0.3858177932445992,20.021153829991817,20.815003767609596,64.85324825942517,1.8483138340912375,62.70145858824253,67.25442538857459,0.5518530025838401,0.013403549798388476,0.5411496054338015,0.5736298859781476,27.05768767922209,0.782750766848923,26.479891427887573,28.32684719795805,1948.153512899382,56.358055212869225,1906.5521828035037,2039.5329982481087,5.3769996006686025,0.7679733429269925,4.706240715695484,6.532122368215013,33373.0,2095.7836243276643,29942,35618,4928.2,484.3858998773602,4333,5545,35661.6,1027.5102432579445,34648,36970
