factor,level,level_value,replicate,feasible,error,episodes_per_million_miles,unknown_time_fraction,total_unknown_episodes,total_events,duration_s_mean,duration_s_median,duration_s_p90,duration_mi_mean,inter_arrival_mi_mean,inter_arrival_s_mean,dispersion_index,episodes_element,episodes_hidden_triggering,episodes_full_scenario,wall_seconds
_baseline_,baseline,,0,True,,37847.498942680126,0.020408476852147084,75695,9998505,38.998657973829935,21.116497367620468,69.97474532723433,0.5416480274144334,26.421651242826304,1902.3588894831169,5.315538323097089,34212,4990,36493,45.93853849999141
_baseline_,baseline,,1,True,,36789.99124240536,0.020201061832256048,73580,9999758,39.7299231567779,21.606166820973158,70.28007553219798,0.5518044882892833,27.18042719065454,1956.9907577266513,4.767326712387707,33434,4372,35774,43.97476020001341
_baseline_,baseline,,2,True,,35522.99989774647,0.020127016755296566,71046,9998415,40.99284150607284,21.262802289063984,73.66892880946398,0.5693450209180103,28.15076804956387,2026.8552995682014,5.114775521613359,29796,5544,35706,46.774966199998744
_baseline_,baseline,,3,True,,37177.49525535002,0.02036656649454086,74355,9998217,39.64226386322699,20.696729511022568,68.95635976251221,0.5505869981009092,26.897472928079022,1936.6180508212005,4.883091741404893,33111,4548,36696,45.660453899996355
_baseline_,baseline,,4,True,,38491.99842156724,0.020662536533772237,76984,10001741,38.8419183535638,21.377788804471493,71.32116856425999,0.5394710882444742,25.979244814247775,1870.5056266256615,4.270139014724459,35678,5202,36104,46.30590629996732
allow_self_transition,off,0.0,0,True,,54735.49847089156,0.0247737722327145,109471,9998505,32.764855798717726,17.813762091100216,59.537563145160675,0.4550674416485559,18.269663519703162,1315.4157734183668,6.815965394841497,40343,5165,63963,74.09147609997308
allow_self_transition,off,0.0,1,True,,57531.486305040606,0.02484825301111924,115063,9999758,31.25122640976499,17.69487626850605,57.4385408192873,0.43404481124644817,17.38171509663795,1251.4834869576298,6.18607280774347,43023,4348,67692,75.10499540000455
allow_self_transition,off,0.0,2,True,,52693.99984831947,0.024443466881691918,105388,9998415,33.575731496145416,17.80749800801277,61.06563534960152,0.4663296041134074,18.977165988098598,1366.3559511428316,6.425791232703541,36264,5658,63466,71.3820362999686
allow_self_transition,off,0.0,3,True,,53349.49319145439,0.024108163138192053,106699,9998217,32.7000177588037,17.792803406715393,58.12730203866958,0.45416691331707076,18.74407215197397,1349.573194941784,6.062157336321247,39399,4571,62729,72.63062509999145
allow_self_transition,off,0.0,4,True,,53221.99781753745,0.024034613543890967,106444,10001741,32.68556381898972,18.238938588649035,60.82630333527921,0.45396616415281965,18.78908166805532,1352.8138800998543,7.103877585666107,41081,5233,60130,70.04046390001895
average_speed_mph,100,100.0,0,True,,18771.499539836215,0.02031785376635492,37543,4998603,39.1291764260456,21.123811835423112,70.0167923346162,1.086921567390167,53.2714992596583,1917.773973347469,5.070039085500218,16976,2487,18080,23.331144600000698
average_speed_mph,100,100.0,1,True,,18529.499182130854,0.020202409190544137,37059,4999588,39.42888962406863,21.537891812622547,70.36679859906445,1.0952469340026185,53.96721822445349,1942.819856080187,4.713537600845915,16683,2231,18145,22.642345900007058
average_speed_mph,100,100.0,2,True,,17450.992761884172,0.019705050251558075,34902,4999304,40.85470862522315,21.284988701343536,73.87591727320105,1.1348530173670288,57.302199852979875,2062.879194707504,5.495472894816182,14749,2792,17361,23.632463400019333
average_speed_mph,100,100.0,3,True,,18567.994382483783,0.020076491824129555,37136,4999025,39.13069272460806,20.67291009053588,68.21074787154794,1.08696368679474,53.85503108354121,1938.7811190076593,5.206328930304257,16614,2219,18303,24.29282199998852
average_speed_mph,100,100.0,4,True,,19280.49850847458,0.020794647380241806,38561,5002428,39.010142940053406,21.488658245652914,71.51382314413786,1.083615081667872,51.86150553119594,1867.0141991231474,5.30396061112596,17844,2625,18092,25.913082000042778
average_speed_mph,25,25.0,0,True,,75714.49568134753,0.020479640139211174,151429,19998770,39.14141444792123,21.168442461639643,70.01876909136776,0.2718153781103745,13.207497559647685,1901.8796485890348,5.09142729410214,68328,9993,73108,92.09628869994776
average_speed_mph,25,25.0,1,True,,73279.99805001439,0.02013222836905285,146560,19996523,39.77022949451374,21.689536049962044,70.27863943055273,0.2761821492682222,13.646280750147495,1965.0644280204529,3.8834867569287486,67426,8572,70562,91.82777199998964
average_speed_mph,25,25.0,2,True,,71063.49791491184,0.020017475583155885,142127,19996815,40.758269598003594,21.23460626602173,73.77954859137537,0.28304353887505845,14.07185514876262,2026.3471414216674,5.539898829955076,59902,11092,71133,95.02331489999779
average_speed_mph,25,25.0,3,True,,73670.99977672058,0.020148880456108104,147342,19999158,39.58434466503381,20.75880827009678,69.05637863278388,0.2748912823963789,13.573766089265982,1954.6223168538486,4.538357244817019,66198,8998,72146,94.27856299997075
average_speed_mph,25,25.0,4,True,,76215.99855373675,0.02067113289007716,152432,19998407,39.242551804302046,21.51733000949025,71.91413855180143,0.27251772086338444,13.120365523032648,1889.3326353158836,5.572425473647233,71249,10397,70786,97.82926239998778
average_speed_mph,75,75.0,0,True,,25021.496570434938,0.020272397904901006,50043,6664924,39.050342685230454,21.191405303776264,69.97688199281696,0.8135488059427807,39.96383374797329,1918.2640199026432,4.940831387519296,22656,3323,24064,28.94930659997044
average_speed_mph,75,75.0,1,True,,24518.99944247782,0.020108151383464265,49038,6666304,39.55501705274276,21.51754646212794,70.13657740540805,0.8240628552653264,40.7844614427723,1957.6541492530864,4.821382084778475,22184,2942,23912,29.594185699999798
average_speed_mph,75,75.0,2,True,,23522.996535383543,0.01973771147732302,47046,6664231,40.46736067410988,21.204258722718805,73.30686149001122,0.8430700140445005,42.51131618072198,2040.5431766750419,4.792389016459246,19665,3744,23637,30.85649250005372
average_speed_mph,75,75.0,3,True,,24673.499715896734,0.02012573078517919,49347,6664458,39.35626944553723,20.671832129359245,68.60727696940303,0.8199222801148234,40.529125277689246,1945.3980133290831,4.331401368200354,22049,2999,24299,30.39033590001054
average_speed_mph,75,75.0,4,True,,25830.498299442992,0.02089893888389352,51661,6668887,39.030637589958516,21.256056930869818,71.51382314413786,0.8131382831243292,38.71360731701248,1858.253151216404,6.08968839085188,23739,3527,24395,32.5493209999986
base_weights_shape,flatter,,0,True,,38259.49893117036,0.020510511328996766,76519,9998505,38.8112855757199,21.001403227448463,69.15819229725746,0.5390456329953669,26.137150177637483,1881.8748127895255,5.585871765287578,34146,5006,37367,53.03283169999486
base_weights_shape,flatter,,1,True,,36543.99130096389,0.020037283970832116,73088,9999758,39.66113534778317,21.815839569084346,69.8634245477617,0.5508491020527077,27.363757426235296,1970.1905346884662,5.809191535611508,34049,4298,34741,52.91188070003409
base_weights_shape,flatter,,2,True,,35156.49989880145,0.019788187729459106,70313,9998415,40.710752263893475,21.35172401368618,73.11507732272149,0.565427114776378,28.44421057391986,2047.9831613218296,5.005402690782429,29738,5516,35059,55.53944059996866
base_weights_shape,flatter,,3,True,,36964.995282469594,0.020092546655653413,73930,9998217,39.35690070392722,20.885198786854744,68.80015717400238,0.5466236208881917,27.051520062653655,1947.709444510571,4.574332503855678,33153,4508,36269,55.51052660000278
base_weights_shape,flatter,,4,True,,38755.49841076195,0.02068807545918115,77511,10001741,38.64394993076679,21.244819596409798,70.85548831522465,0.5367215268163035,25.80261102011393,1857.7879934480259,5.278127747016488,35731,5224,36556,56.517572700046
base_weights_shape,steeper,,0,False,"ConfigError: Layer 'temporal_modifications': element count n=30 in the configured range is infeasible: Calculated unknown weight (0.0223534) is not smaller than the very_rare weight (0.008). Fix this by one of: (1) increase the proportion of unknown elements, (2) lower target_unknown_element_probability, or (3) use unknown_weight_mode='fixed'.",,,,,,,,,,,,,,,
base_weights_shape,steeper,,1,False,"ConfigError: Layer 'temporal_modifications': element count n=30 in the configured range is infeasible: Calculated unknown weight (0.0223534) is not smaller than the very_rare weight (0.008). Fix this by one of: (1) increase the proportion of unknown elements, (2) lower target_unknown_element_probability, or (3) use unknown_weight_mode='fixed'.",,,,,,,,,,,,,,,
base_weights_shape,steeper,,2,False,"ConfigError: Layer 'temporal_modifications': element count n=30 in the configured range is infeasible: Calculated unknown weight (0.0223534) is not smaller than the very_rare weight (0.008). Fix this by one of: (1) increase the proportion of unknown elements, (2) lower target_unknown_element_probability, or (3) use unknown_weight_mode='fixed'.",,,,,,,,,,,,,,,
base_weights_shape,steeper,,3,False,"ConfigError: Layer 'temporal_modifications': element count n=30 in the configured range is infeasible: Calculated unknown weight (0.0223534) is not smaller than the very_rare weight (0.008). Fix this by one of: (1) increase the proportion of unknown elements, (2) lower target_unknown_element_probability, or (3) use unknown_weight_mode='fixed'.",,,,,,,,,,,,,,,
base_weights_shape,steeper,,4,False,"ConfigError: Layer 'temporal_modifications': element count n=30 in the configured range is infeasible: Calculated unknown weight (0.0223534) is not smaller than the very_rare weight (0.008). Fix this by one of: (1) increase the proportion of unknown elements, (2) lower target_unknown_element_probability, or (3) use unknown_weight_mode='fixed'.",,,,,,,,,,,,,,,
concentration_scale,1000,1000.0,0,True,,30164.499157314873,0.015651762941480588,60329,9998505,37.45832915085275,19.35426690429449,66.63015383780004,0.5202545715392044,33.150407429559365,2386.8293349278038,5.66391431040065,21322,3167,35840,52.2891382999951
concentration_scale,1000,1000.0,1,True,,30878.492649595377,0.018826983320057722,61757,9999758,44.10218708995139,20.86025807261467,78.99938209168613,0.6125303762503067,32.383494089042145,2331.611574410468,5.232890084764871,22471,5113,34173,51.20364249998238
concentration_scale,1000,1000.0,2,True,,27987.49991943753,0.0139814304070673,55975,9998415,36.06493525056451,17.96711167693138,55.67062761187553,0.5009018784806478,35.73022718801813,2572.576357536801,7.5005465020502236,19499,684,35792,51.90818650001893
concentration_scale,1000,1000.0,3,True,,36216.995377930514,0.021852296935255647,72434,9998217,43.651193650917904,20.080175736919045,63.170778691023614,0.6062665784854776,27.611331706931477,1988.015882898561,4.080016006253761,34337,2395,35702,52.71166109998012
concentration_scale,1000,1000.0,4,True,,43084.49823324363,0.02251574631553527,86169,10001741,37.8482927635427,22.47758387029171,73.49753333544356,0.5256707328272326,23.210192773063415,1671.1338796604066,5.168832884262555,42962,6411,36796,55.087360200006515
concentration_scale,100000,100000.0,0,True,,36560.998978620206,0.01944882864549884,73122,9998505,38.48755645194384,20.798074178397655,69.12989440523093,0.5345493951664112,27.351370187163056,1969.29865347535,4.151794502173624,31637,4560,36925,53.48663380002836
concentration_scale,100000,100000.0,1,True,,36565.99129572695,0.02011962731145416,73132,9999758,39.792627523684715,21.562878280878067,71.14337168037896,0.5526753822735662,27.346844645543182,1968.9728144786304,4.534278898732572,32908,4645,35579,51.33682249998674
concentration_scale,100000,100000.0,2,True,,35821.9998968858,0.019860791402818045,71644,9998415,40.12593504054252,21.33367297053337,71.77171994447708,0.5573046533407081,27.91579848765165,2009.9374911105247,5.734163531632816,31171,5089,35384,52.33550530002685
concentration_scale,100000,100000.0,3,True,,36845.99529765656,0.019892480289392885,73692,9998217,39.07200960681024,20.96182212140411,70.10481664463882,0.5426668000946157,27.139984470924677,1954.07888190608,4.976378390896021,32787,4802,36103,52.642947799991816
concentration_scale,100000,100000.0,4,True,,37699.498454065106,0.020100761384262946,75399,10001741,38.5787194478252,21.196533780544996,70.40765608251091,0.535815547886103,26.525199991289632,1909.814399372672,4.534549496511056,34126,4960,36313,53.24582010001177
concentration_scale,5000,5000.0,0,True,,38871.49891407334,0.02080828503260496,77743,9998505,38.743540302850704,21.219779185950756,69.65437430143356,0.538104726428749,25.725620195075273,1852.2446540450528,4.566919014247239,35363,5406,36974,53.80327950004721
concentration_scale,5000,5000.0,1,True,,37038.991183132704,0.0200498958374287,74078,9999758,39.168699477625196,21.455221137031913,68.51553237289191,0.5440097149672032,26.998538164544424,1943.8947478467287,4.7089517622400185,34489,3714,35875,51.89210539998021
concentration_scale,5000,5000.0,2,True,,34479.999900748764,0.01996059992488607,68960,9998415,41.89963979120462,21.172569155693054,76.16674122884868,0.5819394415438869,29.002312454311408,2088.166496710012,4.41024729214518,27004,6190,35766,53.893500500009395
concentration_scale,5000,5000.0,3,True,,37013.99527621614,0.020457796870462765,74028,9998217,39.98220073630644,20.67239362106193,67.7550408706069,0.5553083435596194,27.016530048364743,1945.1901634817677,5.228065002159987,33595,4235,36198,53.403357700037304
concentration_scale,5000,5000.0,4,True,,39858.998365510975,0.021107566987911542,79718,10001741,38.33771955577207,21.717363096773624,70.94716087207199,0.5324683271642535,25.088424402487295,1806.3665569789134,4.344212595630754,38026,5278,36414,54.433766999980435
element_count.ego_maneuver,n12,12.0,0,True,,39059.99890880734,0.021533740974350794,78120,9998505,39.91431690547316,21.60212991759181,73.4412353642285,0.5543655125761922,25.601470696694022,1843.3058901616043,4.973767969391247,36015,5873,36232,77.90801850002026
element_count.ego_maneuver,n12,12.0,1,True,,37741.49101590763,0.0203082855517489,75483,9999758,38.932670900357046,21.098028544336557,69.21210375428201,0.540731540282802,26.495651428685356,1907.6869028648857,5.781122069683632,34189,4204,37090,75.71755319996737
element_count.ego_maneuver,n12,12.0,2,True,,36609.499894618966,0.019429737671540936,73219,9998415,38.386125922368606,20.677293241024017,67.23726163320242,0.5331406378106558,27.315307049390388,1966.7021075557223,5.215374664881242,32831,4053,36335,75.43982269999105
element_count.ego_maneuver,n12,12.0,3,True,,36756.49530907869,0.020875085321992927,73513,9998217,41.113221204950655,21.053727015852928,72.9142491221428,0.5710169611808733,27.205111065101203,1958.7679966867915,4.837884346439391,32606,5278,35629,75.4460076999967
element_count.ego_maneuver,n12,12.0,4,True,,36999.49848276985,0.019154886336818226,73999,10001741,37.44436671237192,20.31011340022087,67.88960438370704,0.5200606487833349,27.026759562169907,1945.9266884760511,5.2970836017680805,31748,4560,37691,76.90279259998351
element_count.ego_maneuver,n7,7.0,0,True,,35500.999008232706,0.019297094987576736,71002,9998505,39.30564598991364,21.096674337401055,70.13491072654725,0.5459117498607642,28.167201802076757,2028.0385297491275,6.45134322070905,30536,4419,36047,80.11472989997128
element_count.ego_maneuver,n7,7.0,1,True,,36789.99124240536,0.020201061832256048,73580,9999758,39.7299231567779,21.606166820973158,70.28007553219798,0.5518044882892833,27.18042719065454,1956.9907577266513,4.767326712387707,33434,4372,35774,78.3543595999945
element_count.ego_maneuver,n7,7.0,2,True,,36501.999894928405,0.020171258002676853,73004,9998415,39.99969239154097,21.697877429425716,71.08957137018442,0.5555512832157045,27.39551240386928,1972.4768930782034,5.363372668503881,33550,4602,34852,75.68232550000539
element_count.ego_maneuver,n7,7.0,3,True,,42148.99462087951,0.02356271826723719,84298,9998217,40.500795679807275,22.205354433506727,71.85867818295957,0.5625110511092017,23.72515616994627,1708.2112442356972,3.5538433823724898,42124,5580,36594,77.25038660003338
element_count.ego_maneuver,n7,7.0,4,True,,35833.49853058375,0.019201242335486434,71667,10001741,38.770570849471376,20.77609522640705,70.58413122594357,0.5384801506877855,27.9065639607603,2009.27260517455,4.182781363246669,31072,4782,35813,77.69607529998757
element_count.environmental_conditions,n15,15.0,0,True,,38050.498937009055,0.020593450873185454,76101,9998505,39.15197531937397,21.15813533216715,70.77208706736565,0.543777434991828,26.280691328967254,1892.2097756852675,4.587582199508865,34212,5118,36771,72.92626320000272
element_count.environmental_conditions,n15,15.0,1,True,,36324.49135321428,0.0194096053383693,72649,9999758,38.65078376088978,21.250379130244255,67.647219791729,0.5368164411235105,27.528745511822066,1982.0696768507069,4.863987309809519,33434,3484,35731,71.67243199999211
element_count.environmental_conditions,n15,15.0,2,True,,35534.49989771337,0.019631307396716396,71069,9998415,40.00086333790941,20.864273250102997,70.76193958818912,0.5555675463599167,28.141657640452443,2026.1993501121788,6.096689458351431,29796,4970,36303,68.85239479999291
element_count.environmental_conditions,n15,15.0,3,True,,37057.99527060079,0.020147099434507158,74116,9998217,39.33719228505314,20.692406801506877,68.01427508890629,0.5463498928488522,26.983405769912654,1942.8052154332183,5.776992252535819,33111,4073,36932,71.31745989999035
element_count.environmental_conditions,n15,15.0,4,True,,38491.99842156724,0.020662536533772237,76984,10001741,38.8419183535638,21.377788804471493,71.32116856425999,0.5394710882444742,25.979244814247775,1870.5056266256615,4.270139014724459,35678,5202,36104,73.6162041000207
element_count.environmental_conditions,n21,21.0,0,True,,37992.99893861539,0.02074801900638415,75986,9998505,39.51270878024271,21.32243748009205,71.57744838297367,0.5487876219483687,26.32046549135021,1895.0735153768396,4.823991248321729,34212,5393,36381,73.90090920001967
element_count.environmental_conditions,n21,21.0,1,True,,36961.991201462,0.020088062895616488,73924,9999758,39.32529030310227,21.47163138911128,69.50363978296518,0.5461845875443717,27.053945033931623,1947.8840424426032,5.393874844706732,33434,4204,36286,73.80086079996545
element_count.environmental_conditions,n21,21.0,2,True,,34754.49989995861,0.018811416119799026,69509,9998415,39.139730063974824,20.78838363289833,68.13775246143344,0.5436073619994862,28.77324874889946,2071.6739099203546,5.384930016293034,29796,3967,35746,74.19886649999535
element_count.environmental_conditions,n21,21.0,3,True,,37930.99515918719,0.021326815128535886,75862,9998217,40.68039539874086,21.057429959997535,72.142177039385,0.5650054916500539,26.362369856355567,1898.0906296571195,4.725676575649331,33111,5585,37166,74.61562050000066
element_count.environmental_conditions,n21,21.0,4,True,,38025.99844067639,0.019425636228535954,76052,10001741,36.94183398284934,20.8246367033571,66.25223709121352,0.5130810275401145,26.29779732306254,1893.4414072603226,5.0019594098089035,35678,3576,36798,75.54557240003487
element_count.ru_maneuver,n12,12.0,0,True,,39001.99891042765,0.02085119137239404,78004,9998505,38.68316886783566,21.121903464198112,69.75514920055865,0.5372662342765453,25.63968610139398,1846.0573993000003,4.182853656003725,35930,4989,37085,71.15014099999098
element_count.ru_maneuver,n12,12.0,1,True,,35760.49148747043,0.019232121325032287,71521,9999758,38.898925070354814,20.698820859193802,67.7955956608057,0.5402628482003925,27.963364216804315,2013.3622236094245,5.899996690714375,31219,4204,36098,70.15093410003465
element_count.ru_maneuver,n12,12.0,2,True,,35353.49989823438,0.01909434568074546,70707,9998415,39.049204280977925,20.544917464256287,68.88604608476163,0.5423500594581937,28.28571368726293,2036.5713854825326,5.68011476051677,29903,4345,36459,70.7906864999677
element_count.ru_maneuver,n12,12.0,3,True,,38466.49509084585,0.021657200537586126,76933,9998217,40.762980101918615,21.630229603499174,72.27616518735886,0.5661525014160065,25.996465437437724,1871.7455114950403,4.734532174997666,36177,5008,35748,72.01469290000387
element_count.ru_maneuver,n12,12.0,4,True,,38287.49842995312,0.019864511801619435,76575,10001741,37.50699197054242,21.04911570250988,67.8132193639875,0.5209304440358978,26.118004345805428,1880.4963128978118,5.857349102679575,35678,4167,36730,73.1986735999817
element_count.ru_maneuver,n7,7.0,0,True,,37847.498942680126,0.020408476852147084,75695,9998505,38.998657973829935,21.116497367620468,69.97474532723433,0.5416480274144334,26.421651242826304,1902.3588894831169,5.315538323097089,34212,4990,36493,75.63163249997888
element_count.ru_maneuver,n7,7.0,1,True,,36789.99124240536,0.020201061832256048,73580,9999758,39.7299231567779,21.606166820973158,70.28007553219798,0.5518044882892833,27.18042719065454,1956.9907577266513,4.767326712387707,33434,4372,35774,73.48552330001257
element_count.ru_maneuver,n7,7.0,2,True,,34004.4999021175,0.01835063958113765,68009,9998415,39.014960467316975,20.509970393031836,67.2403168573976,0.5418744509346695,29.40786464805121,2117.3662546592723,5.619276889971183,28401,3950,35658,71.86495130002731
element_count.ru_maneuver,n7,7.0,3,True,,38377.495102204164,0.021708812104816278,76755,9998217,40.93832986553159,22.150875255465508,72.37602406144157,0.5685879147997829,26.055658941343836,1876.0074437762803,5.252618050843103,37276,4638,34841,72.67598270002054
element_count.ru_maneuver,n7,7.0,4,True,,36716.49849437476,0.01998660421595513,73433,10001741,39.34758985223908,21.363615438342094,72.04406605660917,0.5464943035038672,27.235523303964847,1960.9576778852822,5.326943228664943,33249,5302,34882,72.42568619997473
element_count.temporal_modifications,n30,30.0,0,True,,36094.498991652494,0.019316149257817185,72189,9998505,38.68114613575521,20.41937925107777,68.16947319954635,0.537238140774465,27.70489075294194,1994.7521342114242,4.278862834306177,30654,4420,37115,86.73213499999838
element_count.temporal_modifications,n30,30.0,1,True,,35506.49154793329,0.018727304646231117,71013,9999758,38.145099685460394,20.954728808254004,68.74377662986518,0.5297930511878507,28.16336066569543,2027.761967929581,5.693375485711549,31210,4183,35620,86.79862330004107
element_count.temporal_modifications,n30,30.0,2,True,,35919.49989660514,0.018599982668643433,71839,9998415,37.4606666251506,20.935663856565952,66.72840933352711,0.5202870364600675,27.83934909334577,2004.433134720504,4.2953026382766435,31819,4368,35652,86.48196179996012
element_count.temporal_modifications,n30,30.0,3,True,,37720.99518598771,0.0204953515660501,75442,9998217,39.34320093789189,21.26192931458354,72.6587203461677,0.5464333463600103,26.50947020964943,1908.6818550942764,4.099327794029664,33115,5537,36790,88.92842490004841
element_count.temporal_modifications,n30,30.0,4,True,,38491.99842156724,0.020662536533772237,76984,10001741,38.8419183535638,21.377788804471493,71.32116856425999,0.5394710882444742,25.979244814247775,1870.5056266256615,4.270139014724459,35678,5202,36104,89.13174949999666
element_count.temporal_modifications,n46,46.0,0,True,,37775.99894467757,0.019417316567896015,75552,9998505,37.179347599103494,20.959222856909037,67.08175321519383,0.5163798277649871,26.471535643171144,1905.9505663079453,4.174840743318455,35484,4108,35960,88.91286619997118
element_count.temporal_modifications,n46,46.0,1,True,,35207.99161898907,0.019167146255563868,70416,9999758,39.370395259986424,21.042392652481794,68.48749630525708,0.5468110452786814,28.400075938262464,2044.8054675544038,4.289807364475182,31013,4212,35191,86.1948842999991
element_count.temporal_modifications,n46,46.0,2,True,,34279.99990132447,0.01843685879070689,68560,9998415,38.903816756474335,21.054230766370893,69.3712394401431,0.5403307882850276,29.171516393950757,2100.3491803640427,5.129967222342752,29939,4493,34128,86.04170930001419
element_count.temporal_modifications,n46,46.0,3,True,,38533.4950822952,0.020941688243658833,77067,9998217,39.343203907635456,20.8092200756073,68.35787144303335,0.5464333876066119,25.95061563025442,1868.444325377846,4.850893039424744,35605,4550,36912,85.24548709997907
element_count.temporal_modifications,n46,46.0,4,True,,35438.998546760915,0.019373511036997068,70878,10001741,39.5437991805177,20.707342334091663,70.78027082234621,0.5492194330628959,28.217501650914986,2031.6601188656855,4.928168857606883,30258,4628,35992,84.23462329996983
element_count.triggering_conditions,n100,100.0,0,True,,37864.49894220521,0.020435785209024983,75729,9998505,39.04052626693078,21.120674468576908,70.26462000012395,0.542229531485424,26.40978873120914,1901.5047886466814,4.801248713426765,34212,4921,36596,76.95404159999453
element_count.triggering_conditions,n100,100.0,1,True,,36630.491280373186,0.02029345254643146,73261,9999758,40.077926401731766,21.75717969238758,71.18518509715796,0.5566378666914323,27.29877878664448,1965.5120726379248,4.413961743032193,33434,4627,35200,74.17957149998983
element_count.triggering_conditions,n100,100.0,2,True,,35261.499898499205,0.01920183535524458,70523,9998415,39.39545839075736,20.771562665700912,69.38153977394104,0.5471591443163263,28.35953471703295,2041.8864996259722,5.546775252836364,29796,4451,36276,72.90620709996438
element_count.triggering_conditions,n100,100.0,3,True,,36579.99533160389,0.019560857052159833,73160,9998217,38.68817316029439,20.512766310945153,66.15644601918758,0.5373357383386639,27.33731255853782,1968.2865042142228,5.034934101892733,33111,3607,36442,72.26963690004777
element_count.triggering_conditions,n100,100.0,4,True,,39270.498389643464,0.021162170691079698,78541,10001741,38.99452363479048,21.245029877871275,72.30690106749535,0.5415906060388851,25.46423120128405,1833.4246464922771,4.73412241431499,35678,5642,37221,73.6157200000016
element_count.triggering_conditions,n150,150.0,0,True,,37495.49895251371,0.01996793657844615,74991,9998505,38.52192269540902,20.969900250434875,69.04692489653826,0.5350267041032606,26.669692240745384,1920.2178413332872,5.024074848780849,34212,4531,36248,71.25036710000131
element_count.triggering_conditions,n150,150.0,1,True,,36810.99123740646,0.02011790580251337,73622,9999758,39.54946728484759,21.455944396555424,70.14286227412524,0.5492981567345006,27.164921255716514,1955.8743304111135,4.438284164840939,33434,4251,35937,68.96728149999399
element_count.triggering_conditions,n150,150.0,2,True,,34795.99989983915,0.01886206844294693,69592,9998415,39.21492005396801,20.74051032215357,68.52961716502905,0.5446516674164716,28.738927848737134,2069.202805108668,5.591581311546814,29796,4196,35600,72.51495400001295
element_count.triggering_conditions,n150,150.0,3,True,,37022.495275131354,0.020484524737633097,74045,9998217,40.01703071896689,20.846173405647278,69.91577805280689,0.5557920933198325,27.009279519789942,1944.6681254243824,4.719456218223944,33111,4658,36276,69.05232210003305
element_count.triggering_conditions,n150,150.0,4,True,,38827.99840778896,0.020519916183442618,77656,10001741,38.2485681231777,21.20736813172698,70.07244485616684,0.5312301128220117,25.754432146647403,1854.3191145584362,5.071099807267512,35678,4866,37112,73.52375479997136
element_count.triggering_conditions,n50,50.0,0,True,,38067.49893653414,0.02079338383528024,76135,9998505,39.51359550765732,21.313356965780258,71.90563938915732,0.5487999376070821,26.26895502496535,1891.3647617971305,5.286085975949228,34212,5486,36437,78.02160459995503
element_count.triggering_conditions,n50,50.0,1,True,,36206.991381184314,0.019450096916998318,72414,9999758,38.851136774898634,21.335653889924288,67.81903296560053,0.5395991218740187,27.618641049497022,1988.542155563306,4.634421590094811,33434,3526,35454,76.33521799999289
element_count.triggering_conditions,n50,50.0,2,True,,34978.49989931383,0.019564556880548856,69957,9998415,40.47641688889612,21.197615310549736,71.6018833488226,0.5621724567903374,28.588982758684832,2058.4067586249043,5.273616463465748,29796,5038,35123,76.57093079999322
element_count.triggering_conditions,n50,50.0,3,True,,37719.99518611533,0.02095972170860707,75440,9998217,40.204207276875344,20.854271810501814,71.00035197585825,0.5583917677352739,26.509836983600824,1908.7082628187752,5.056006437276521,33111,5109,37220,77.49962710001273
element_count.triggering_conditions,n50,50.0,4,True,,38562.998418655756,0.02050297134045656,77126,10001741,38.46018029662158,21.126632943749428,70.31892642192543,0.534169170786878,25.931587908776148,1867.074329431705,5.193806336873278,35678,4808,36640,79.69860939995851
element_count.triggering_conditions,n75,75.0,0,True,,37888.99894152077,0.020582751827403725,75778,9998505,39.29933373857952,21.262734338641167,71.19099930524828,0.5458240797024425,26.392711483883673,1900.275226839248,5.193928416396427,34212,5270,36296,78.2490563999745
element_count.triggering_conditions,n75,75.0,1,True,,36897.49121681576,0.020517076750930938,73795,9999758,40.2289558168795,21.736264303326607,72.18964326977745,0.5587354974570168,27.101237654154904,1951.2891110986789,4.499724382465209,33434,4884,35477,76.48588769999333
element_count.triggering_conditions,n75,75.0,2,True,,35286.49989842724,0.019726279999552895,70573,9998415,40.42853873816973,21.123280718922615,72.11502310633664,0.5615074824750742,28.33944237667826,2040.4398511204347,5.535952828914384,29796,5180,35597,77.14134600001853
element_count.triggering_conditions,n75,75.0,3,True,,37551.49520761956,0.021200519787237613,75103,9998217,40.85109415727411,21.028897896409035,72.71626191660765,0.5673763077408881,26.629128684025567,1917.2972652493563,4.9480850988093605,33111,5488,36504,74.43289159995038
element_count.triggering_conditions,n75,75.0,4,True,,37854.99844768855,0.019370915336284423,75710,10001741,37.00558014235763,20.854680575430393,66.89693268910054,0.5139663908664672,26.416407116365747,1901.9813123781526,4.448042616994628,35678,3600,36432,77.72278459998779
fixed_unknown_weight,fixed_0.0005,0.0005,0,True,,18587.49948073365,0.004576552830542308,37175,9998505,17.7276025826135,12.99691866710782,35.07848329544067,0.24621670253630762,53.79835028157224,3873.481220272438,9.54874912558759,891,122,36162,50.96821640001144
fixed_unknown_weight,fixed_0.0005,0.0005,1,True,,17628.49580366249,0.004269686526605392,35257,9999758,17.438664837849924,13.297552198171616,35.975030636787416,0.24220367830350903,56.72450386273254,4084.16427811575,8.622479758465584,602,66,34589,50.3544816999929
fixed_unknown_weight,fixed_0.0005,0.0005,2,True,,18119.99994784129,0.0044869083312580075,36240,9998415,17.828774877507676,13.179463857784867,36.050290888547906,0.2476218732986445,55.187623257431426,3973.5088745342837,8.703395565021577,1728,15,34497,50.465308199985884
fixed_unknown_weight,fixed_0.0005,0.0005,3,True,,18282.997666695297,0.004225227015947699,36566,9998217,16.639303395105937,12.69712433218956,34.01639795303345,0.23110143604302347,54.69339365282969,3937.9243430027427,8.144595976656237,371,56,36139,51.60815779998666
fixed_unknown_weight,fixed_0.0005,0.0005,4,True,,18548.99923936534,0.004308308668484448,37098,10001741,16.723178438248954,12.76929197460413,34.50913051962853,0.23226636719818997,53.90950647717366,3881.4844663561394,9.26715576914168,903,152,36043,51.40836450003553
fixed_unknown_weight,fixed_0.001,0.001,0,True,,19071.499467212474,0.004989075534021461,38143,9998505,18.835867420265444,13.290115609765053,36.3612812191248,0.26160926972586307,52.43304595122167,3775.179308487216,9.266286733460186,1751,230,36162,51.38307049998548
fixed_unknown_weight,fixed_0.001,0.001,1,True,,18230.49566036072,0.004741870096743657,36461,9999758,18.72886593066622,13.546046704053879,37.405809476971626,0.26012313792647745,54.85137085346977,3949.298701448863,8.16364521932225,1450,221,34790,49.35853249998763
fixed_unknown_weight,fixed_0.001,0.001,2,True,,18329.9999472368,0.004384300877570417,36660,9998415,17.221842899472797,13.075269266963005,35.671977663040146,0.2391922624927885,54.555359161192435,3927.9858596050854,9.7827380218057,1009,27,35624,51.377480300026946
fixed_unknown_weight,fixed_0.001,0.001,3,True,,18836.49759605677,0.004650109800608691,37673,9998217,17.774424567857523,12.915416944772005,35.24613440632821,0.2468670078870733,53.086258920430296,3822.2106422700153,8.794759639516297,961,200,36512,51.164387300028466
fixed_unknown_weight,fixed_0.001,0.001,4,True,,19084.499217406214,0.004697007527054229,38169,10001741,17.721019416471947,13.148430153727531,35.83123437166214,0.24612526967331932,52.39683699573445,3772.572263692527,9.440274152338365,1674,333,36162,50.51355790003436
fixed_unknown_weight,fixed_0.005,0.005,0,True,,22637.499367591554,0.007654758561289971,45275,9998505,24.35642227208181,15.352632492780685,46.260924269526726,0.338283642668101,44.173465968358876,3180.4895497212124,8.026324332873646,7928,1108,36239,52.04877300001681
fixed_unknown_weight,fixed_0.005,0.005,1,True,,23836.994325773758,0.008481806222661774,47674,9999758,25.645213422392054,16.214673813432455,47.92211306896063,0.35618351975556045,41.95024190729457,3020.4174173244746,6.672086362086896,10859,764,36051,48.24660310003674
fixed_unknown_weight,fixed_0.005,0.005,2,True,,21904.499936947544,0.007610825723032888,43809,9998415,25.029452713652823,15.157326862215996,46.354678022861506,0.34763128768962753,45.65270759089034,3286.9949465434597,8.147349429472914,6751,1370,35688,49.70897569996305
fixed_unknown_weight,fixed_0.005,0.005,3,True,,22463.997133109617,0.007734904687907913,44928,9998217,24.800691079692964,14.95476564951241,43.58385514579714,0.3444540427742039,44.514814805184194,3205.066665972453,7.516617990236082,8013,783,36132,51.93385520001175
fixed_unknown_weight,fixed_0.005,0.005,4,True,,22490.49907773714,0.0072607190287145235,44981,10001741,23.25740126846925,14.936712726950645,44.0239614546299,0.32301946206229515,44.462438590284094,3201.295578500153,7.1942200274621815,7519,1074,36388,52.595939100021496
full_scenario_enabled,off,0.0,0,True,,19600.99945242019,0.01639272161293884,39202,9998505,60.55136586726401,33.77913557738066,106.75087395980958,0.8409911926010362,51.01747081337016,3673.257898561924,0.9499561477608952,34212,4990,0,34.774529699992854
full_scenario_enabled,off,0.0,1,True,,18902.99550027694,0.01612645239951507,37806,9999758,61.80457725998514,33.97927721962333,105.71804203465581,0.8583969063898179,52.8997895206545,3808.7848454861983,0.8942724520342814,33434,4372,0,34.43635550001636
full_scenario_enabled,off,0.0,2,True,,17669.99994913662,0.016135270736893786,35340,9998415,66.14504780237579,35.379852794110775,121.26893013417722,0.9186812194774907,56.58876654354946,4074.391191134776,1.0737331251617455,29796,5544,0,34.61987949995091
full_scenario_enabled,off,0.0,3,True,,18829.49759695012,0.016341227691265055,37659,9998217,62.878771818237105,33.34943890571594,107.09173156321052,0.8733162752542821,53.10559643339042,3823.60294320314,0.9956469994359595,33111,4548,0,34.70458939997479
full_scenario_enabled,off,0.0,4,True,,20439.999161821528,0.016730746103002892,40880,10001741,59.29619367130373,34.0193860642612,105.5051191359758,0.8235582454353284,48.92334106604821,3522.4805567551352,0.9680496415541504,35678,5202,0,35.96513510000659
full_scenario_target_mass,0.002,0.002,0,True,,28678.99919881428,0.01838130153848139,57358,9998505,46.37696854852458,25.032794483006,82.47004760336131,0.6441245631741975,34.86849072188251,2510.5313319750435,2.7325718168582718,34212,4990,18156,55.59381019999273
full_scenario_target_mass,0.002,0.002,1,True,,27759.493392050874,0.018133179327056898,55519,9999758,47.2910642166444,25.460773341357708,82.90336062312126,0.6568203363429972,36.02243272785648,2593.615156405036,3.0415988695435967,33434,4372,17713,55.200082600000314
full_scenario_target_mass,0.002,0.002,2,True,,26777.999922919098,0.018161962938407408,53556,9998415,49.0964535662473,25.390019703656435,88.4865734167397,0.6818951884203164,37.34407847578824,2688.7736502562257,3.3183754308175435,29796,5544,18216,54.49210969998967
full_scenario_target_mass,0.002,0.002,3,True,,28110.996412430755,0.01838284061600451,56222,9998217,47.34701658754845,24.619873981922865,82.14969478696585,0.6575974526054083,35.571549501708404,2561.1515641223555,3.286032453184066,33111,4548,18563,55.34057709999615
full_scenario_target_mass,0.002,0.002,4,True,,29680.998782877927,0.018730815469372643,59362,10001741,45.68643909993724,25.283560635522008,83.58374914005401,0.6345338763884181,33.69135444863803,2425.777520301707,2.8083339781011456,35678,5202,18482,56.46095189999323
full_scenario_target_mass,0.008,0.008,0,True,,56253.99842847025,0.024469525643179686,112508,9998505,31.4359375117729,17.672231826465577,56.69921531528235,0.4366102432193001,17.77639715243127,1279.9005949747977,6.704154683896963,34212,4990,73306,55.53160210000351
full_scenario_target_mass,0.008,0.008,1,True,,54475.487032499404,0.024280809009411913,108951,9999758,32.223765538933044,18.148364007472992,57.494796857237816,0.4475522991524252,18.35628707114539,1321.6526691221468,6.706375587494983,33434,4372,71145,53.90985910000745
full_scenario_target_mass,0.008,0.008,2,True,,53251.99984671326,0.024134980332175787,106504,9998415,32.76425462304019,17.779587207362056,58.387079649418595,0.45505909198686545,18.77863241614695,1352.0615339623153,8.55932105506123,29796,5544,71164,54.92561139998725
full_scenario_target_mass,0.008,0.008,3,True,,55280.49294501719,0.024409124493097827,110561,9998217,31.92562436695062,17.52604280784726,55.70693629235029,0.44341144954153416,18.089214095090636,1302.423414846197,7.229092296260293,33111,4548,72902,55.73099390004063
full_scenario_target_mass,0.008,0.008,4,True,,56845.4976689494,0.024683375161684375,113691,10001741,31.393927652083306,17.844696208834648,57.704942375421524,0.43602677294587683,17.5914204535104,1266.582272652628,6.1967275842317715,35678,5202,72811,54.90620079997461
hidden_triggering_enabled,off,0.0,0,True,,37859.99894233092,0.020408476852147084,75720,9998505,38.985782030230546,21.122736304998398,70.00757980719209,0.5414691948644419,26.41292777107418,1901.7307995169642,5.32036834993775,39227,0,36493,53.19570769998245
hidden_triggering_enabled,off,0.0,1,True,,36797.49124062004,0.020201061832256048,73595,9999758,39.72182547558555,21.61311362683773,70.28987719863653,0.5516920204949448,27.17488732506775,1956.5918874044025,4.768579291593507,37821,0,35774,51.04881029995158
hidden_triggering_enabled,off,0.0,2,True,,35532.99989771769,0.020127016755296566,71066,9998415,40.98130495089707,21.26968013495207,73.66113063693047,0.5691847909850134,28.14284562025884,2026.2848846582392,5.117901159754249,35360,0,35706,52.347847800003365
hidden_triggering_enabled,off,0.0,3,True,,37187.99525400999,0.02036656649454086,74376,9998217,39.631070903923884,20.7006950173527,68.98807034583297,0.5504315403328103,26.8898784495982,1936.0712483705815,4.883527025252107,37680,0,36696,52.76977710000938
hidden_triggering_enabled,off,0.0,4,True,,38500.99842119817,0.020662536533772237,77002,10001741,38.83283866043422,21.383194393478334,71.3473375461996,0.5393449813954522,25.973171901769444,1870.0683769272218,4.273307787215342,40898,0,36104,52.71400739997625
mean_duration.ego_maneuver,x0.5,0.5,0,True,,56933.99062407912,0.020613506793161197,113868,14733837,26.191512918470828,9.732617022003978,54.032754365168515,0.3637710127688532,17.564048763427753,1264.6115109222687,7.0800032409915525,55101,5132,53635,112.97553100000368
mean_duration.ego_maneuver,x0.5,0.5,1,True,,53745.99910675121,0.01970226205754386,107492,14728919,26.510999205625687,10.231798879802227,54.405126142502034,0.3682083223129804,18.60591772693017,1339.6260762921236,6.3582871750932695,53272,4334,49886,108.61628670000937
mean_duration.ego_maneuver,x0.5,0.5,2,True,,52033.49876879609,0.0200220790445356,104067,14724317,27.84552157661931,10.174494877457619,57.11096434593201,0.3867433552445475,19.21821857879023,1383.7117376245826,7.514356498106434,47037,5452,51578,110.3642877000384
mean_duration.ego_maneuver,x0.5,0.5,3,True,,55156.99907496062,0.019996711906207394,110314,14728137,26.22852363140708,9.65202751941979,52.75221861749887,0.36428505044889925,18.12928001745394,1305.3081612112376,5.980543798091934,53282,4496,52536,111.63515049999114
mean_duration.ego_maneuver,x0.5,0.5,4,True,,55570.498274150596,0.020594763012333213,111141,14724273,26.825537989446346,10.201178804039955,57.149728029966354,0.3725769165336269,17.99478394275208,1295.6244438330907,6.129310366265242,55876,5366,49899,112.60466810001526
mean_duration.ego_maneuver,x2,2.0,0,True,,27983.99851061052,0.02028195510838654,55968,7598626,52.42792730552656,33.51476027444005,90.56483640540392,0.728165657021503,35.73460234212086,2572.891368632301,4.478741621199193,23732,5088,27148,57.60226610000245
mean_duration.ego_maneuver,x2,2.0,1,True,,27602.49354178413,0.01966151775761806,55205,7599182,51.524483312662454,32.66555282473564,88.31583231985566,0.7156178237866925,36.2266432367301,2608.3183130438356,3.71255562296584,23707,4269,27229,55.795814500015695
mean_duration.ego_maneuver,x2,2.0,2,True,,27094.99962678884,0.02032894990809705,54190,7596713,54.27847628033587,32.1948372349143,94.6261399000883,0.7538677261150066,36.90680904938522,2657.290251555972,4.19164469700412,21272,5597,27321,57.8264605999575
mean_duration.ego_maneuver,x2,2.0,3,True,,27302.496296359983,0.019979048796207943,54605,7598389,52.962234277162466,32.19769063591957,89.68330073058604,0.7355865871830899,36.6255542326478,2637.039904750874,3.7331401076437953,22506,4522,27577,56.33210210001562
mean_duration.ego_maneuver,x2,2.0,4,True,,28980.496279192055,0.02072374877924211,57961,7601571,51.71615370938881,32.829338973388076,90.1192933768034,0.7182799126321571,34.505704876777905,2484.4107511277844,4.219947150392843,25055,5106,27800,56.87205509998603
mean_duration.environmental_conditions,x0.5,0.5,0,True,,37917.4972377271,0.020293140275072084,75835,10078148,38.70767662040253,20.804941207170486,70.10221380637965,0.5376066197282279,26.371130233978583,1898.7213768463978,4.547546528051346,33901,4934,37000,71.75022440002067
mean_duration.environmental_conditions,x0.5,0.5,1,True,,36991.49912417301,0.019640516762110125,73983,10079319,38.41636293875017,21.375157728791237,68.51519183814527,0.5335605963718357,27.031451065434467,1946.2644767109305,5.194070524282469,33572,4300,36111,71.36514109995915
mean_duration.environmental_conditions,x0.5,0.5,2,True,,36547.48846331969,0.020398412949749575,73095,10078805,40.356324053110306,20.767439275979996,73.0006268285215,0.5605045007386977,27.361642689976147,1970.0382736781573,4.610340504767493,29980,5609,37506,72.17993909999495
mean_duration.environmental_conditions,x0.5,0.5,3,True,,37171.99752823626,0.020419499650037573,74344,10078673,39.77557224959442,20.771508887410164,69.13705516457557,0.5524385034672437,26.901137124437064,1936.881872958906,4.18011071174229,33219,4673,36452,71.51919969997834
mean_duration.environmental_conditions,x0.5,0.5,4,True,,38171.99828066603,0.02066089465955968,76344,10082287,39.172052051053775,21.35978924483061,71.89617720544337,0.5440562784868723,26.197155523356173,1886.195197681794,3.941091815569517,35437,5147,35760,72.73978950001765
mean_duration.environmental_conditions,x2,2.0,0,True,,38393.99859672465,0.02080444369057877,76788,9958045,39.20836905960438,21.168809205293655,70.09623119756581,0.5445606813830753,26.045611862103343,1875.2840540714255,6.400278728643477,34460,5106,37222,72.62140000000363
mean_duration.environmental_conditions,x2,2.0,1,True,,37016.99695743734,0.019917344642815377,74034,9959046,38.934531079795164,21.40799020603299,69.24294993951915,0.5407573761081288,27.01444242856508,1945.0398548565722,6.990679414849865,33696,4239,36099,71.53679489996284
mean_duration.environmental_conditions,x2,2.0,2,True,,35708.995656004765,0.02035236425277794,71418,9959239,41.220389293536584,21.27460364997387,74.01114104520529,0.5725054068546339,28.00412579424885,2016.2970571855246,7.29208759077248,30002,5536,35880,74.11665059998631
mean_duration.environmental_conditions,x2,2.0,3,True,,37148.994793664075,0.020441666087069838,74298,9957787,39.83161254527613,20.962204854935408,69.10920599699021,0.5532168409062109,26.918502984504563,1938.1322148840554,5.7153513671888465,33148,4630,36520,75.38833659997908
mean_duration.environmental_conditions,x2,2.0,4,True,,38494.49624259688,0.020945808229889618,76989,9962276,39.38436405667069,21.47695602476597,71.60247248560191,0.5470050563418726,25.975730945282347,1870.252628060206,6.048797220982624,35433,5295,36261,74.63110190001316
mean_duration.ru_maneuver,x0.5,0.5,0,True,,49591.994370054446,0.020380614375890876,99184,13172422,29.74178774503674,13.697988199070096,55.99932716935873,0.41308038535541974,20.16436098599851,1451.8339909649658,6.31108356753926,45995,4904,48285,90.8606380999554
mean_duration.ru_maneuver,x0.5,0.5,1,True,,48136.99833664254,0.019832663127204567,96274,13173686,29.807325723514577,13.708087015897036,56.102881838381286,0.4139906350566797,20.77331225478944,1495.6784823173195,6.066694483698798,46829,4328,45117,90.19852989999345
mean_duration.ru_maneuver,x0.5,0.5,2,True,,47290.99711898489,0.020064546612862978,94582,13173925,30.70739736882375,13.429732393473387,57.82869117334486,0.42649163013107355,21.145204435352177,1522.4547193171911,6.628715462023913,41375,5639,47568,93.53967029997148
mean_duration.ru_maneuver,x0.5,0.5,3,True,,48549.49402554711,0.01993851913293345,97099,13177100,29.722932187797895,13.323331147432327,55.44850445389747,0.4128185026163205,20.59627325215962,1482.9316741279335,5.866405478198932,44130,4472,48497,93.33660109998891
mean_duration.ru_maneuver,x0.5,0.5,4,True,,50443.99984670889,0.020744330295221762,100888,13171828,29.763265298911072,13.508208755403757,57.603162792930384,0.4133786847147429,19.823740656200687,1427.3093272197477,5.314548318469678,49543,5279,46066,94.54711550002685
mean_duration.ru_maneuver,x2,2.0,0,True,,32231.99713991154,0.02074336676803269,64464,8399401,46.55275358245529,23.81825501844287,93.6952437847853,0.6465660219786317,31.02434424382153,2233.752785554912,4.00010601530861,28070,5030,31364,60.838068899989594
mean_duration.ru_maneuver,x2,2.0,1,True,,30249.998079219167,0.019807356073621357,60500,8399186,47.359644270392906,24.68770059943199,95.6150265187025,0.6577728370883621,33.0559797111137,2380.0305391998377,4.07890693135097,27008,4306,29186,57.42481009999756
mean_duration.ru_maneuver,x2,2.0,2,True,,29380.999054701508,0.020012304656611392,58762,8398934,49.29721535890049,24.710141226649284,99.81178262531763,0.6846835466517822,34.03531964917103,2450.543014740206,3.7703712052656324,24085,5541,29136,59.05665109999245
mean_duration.ru_maneuver,x2,2.0,3,True,,31402.499599169714,0.020311595907324006,62805,8397130,46.79145417904574,23.840431347489357,92.25509465187787,0.6498813080427711,31.84432546678409,2292.7914336087065,4.658062624242941,27564,4557,30684,62.12800759996753
mean_duration.ru_maneuver,x2,2.0,4,True,,32095.499965247887,0.02065795790075329,64191,8401959,46.5630881972578,24.573193192481995,96.17937004566193,0.6467095582956965,31.156392919064,2243.2602901725168,5.616852078309949,28443,5218,30530,60.96120459999656
mean_duration.street,x0.5,0.5,0,True,,39036.49939415655,0.020313552724012605,78073,10477931,37.64079021096621,20.401486590504646,68.18728238642217,0.5227887529311059,25.616879555885934,1844.4153280234066,5.341301244480185,34070,4990,39013,54.529804299992975
mean_duration.street,x0.5,0.5,1,True,,37325.49445216581,0.019594541135592974,74651,10478523,37.96473754358527,20.78010763693601,68.06712700426579,0.5272880214386356,26.790688657042303,1928.929583306476,4.490120089133024,33743,4150,36758,52.82861129997764
mean_duration.street,x0.5,0.5,2,True,,36256.99985359191,0.020116191499619896,72514,10479853,40.132484696191426,20.552242621779442,72.41650032326581,0.5573956207803274,27.580503495436528,1985.7962516710147,4.361646331888363,30016,5562,36936,54.035018099995796
mean_duration.street,x0.5,0.5,3,True,,38065.99733997492,0.020026728947597248,76132,10479386,38.06492125187523,20.092683911323547,67.73706966638572,0.5286794618316424,26.269498330551837,1891.403879799264,3.796617723198032,32996,4554,38582,55.569918200024404
mean_duration.street,x0.5,0.5,4,True,,38826.49955540908,0.02040127362863817,77653,10481548,38.01112206457611,20.73305393755436,70.37855032980443,0.5279322508973071,25.755309798185262,1854.382305469012,4.8482267492407765,35599,5099,36955,54.19959930004552
mean_duration.street,x2,2.0,0,True,,37142.496272238124,0.020532258934547607,74285,9758712,39.988242211173024,21.61491160094738,71.13327228724958,0.5553922529325973,26.922787669629987,1938.4407122133346,4.707320340005202,34224,5059,35002,50.63664159999462
mean_duration.street,x2,2.0,1,True,,35792.499490810325,0.01992466440604622,71585,9760354,40.25264556402774,22.28230756521225,71.67528340294955,0.5590645217224262,27.938592539517376,2011.578662844893,4.969428760060693,33746,4437,33402,49.37524510000367
mean_duration.street,x2,2.0,2,True,,35053.99653168405,0.02009672663323429,70108,9759087,41.484641303128534,21.795053139328957,74.16202055793256,0.5761755736550227,28.52741004150806,2053.9735229879584,6.232045719554582,29951,5531,34626,51.81594459997723
mean_duration.street,x2,2.0,3,True,,37099.999940319205,0.020589682559318798,74200,9757883,40.173648499157494,21.160704530775547,69.74659513793887,0.5579673402658462,26.953652630971373,1940.662989429792,5.573230031559414,33233,4543,36424,53.25802400003886
mean_duration.street,x2,2.0,4,True,,37419.496173345084,0.020682252329384032,74839,9762087,40.00085374380584,22.10413456708193,73.27212882637976,0.5555674131078587,26.72255236056695,1924.023769960237,4.501527869441142,35663,5266,33910,57.26279099995736
mean_duration.temporal_modifications,x0.5,0.5,0,True,,38853.99765061631,0.020445149222269005,77708,10237633,38.07902588311149,20.99024809896946,71.65696961432695,0.5288753594864625,25.737278374409364,1853.0840429573939,4.776956279829165,34958,4984,37766,72.62583850004012
mean_duration.temporal_modifications,x0.5,0.5,1,True,,37228.99998134281,0.01966024907560545,74458,10239975,38.19160209454503,21.47612270526588,71.56500773578887,0.5304389179793442,26.860596643343904,1933.9629583202593,5.023413827038979,34544,4222,35692,71.49929529998917
mean_duration.temporal_modifications,x0.5,0.5,2,True,,36638.49683118466,0.020236948135322626,73277,10241655,39.96851326345989,21.0461056381464,76.47675298154358,0.5551182397701622,27.293338118573576,1965.1203445368365,4.200284896787662,31008,5564,36705,73.6217380000162
mean_duration.temporal_modifications,x0.5,0.5,3,True,,38637.49577792165,0.02059423950873887,77275,10235410,38.58041790356929,20.64313341677189,72.19280642867095,0.535839137549433,25.88110043112881,1863.439231040899,4.341875992710235,34331,4682,38262,72.78515179996612
mean_duration.temporal_modifications,x0.5,0.5,4,True,,39565.99567103692,0.020667838230794055,79132,10240315,37.80615405052238,21.2125175409019,72.30760447680964,0.5250854729240519,25.273959679161365,1819.7250968993312,6.410392964671712,36444,5076,37612,77.65834030002588
mean_duration.temporal_modifications,x2,2.0,0,True,,37581.4944990455,0.02047209655505244,75163,9877645,39.415616063800876,21.141782000660896,67.98736879676581,0.5474391119968103,26.608799298652684,1915.8335495028289,5.530040407323796,33813,4961,36389,71.63965879997704
mean_duration.temporal_modifications,x2,2.0,1,True,,36172.99660053718,0.019785786267625744,72346,9879144,39.55372211059751,21.554514285176992,67.39922040328383,0.5493572515358067,27.644126918391336,1990.3771381238398,5.4559894821465855,33126,4303,34917,71.32659339997917
mean_duration.temporal_modifications,x2,2.0,2,True,,35347.49915272503,0.020290736422788818,70695,9879578,41.51805824823972,21.34511261433363,70.5023965716362,0.5766396978923851,28.290201911204825,2036.8945376063446,4.882491174309911,29497,5575,35623,74.43462870002259
mean_duration.temporal_modifications,x2,2.0,3,True,,36454.49904567481,0.02006642031872522,72909,9878084,39.82189489203955,20.90991261973977,66.36866097450255,0.5530818735008037,27.43135617686813,1975.057644734395,4.189315296393087,32492,4579,35838,72.13929010002175
mean_duration.temporal_modifications,x2,2.0,4,True,,38040.498560750864,0.020326225243476544,76081,9881988,38.65775348190096,21.398506447672844,69.7045721411705,0.5369132428045083,26.286841070970684,1892.652557109711,4.8964502194467565,34906,5088,36087,75.91404709999915
mean_duration.triggering_conditions,x0.5,0.5,0,True,,42925.499130635406,0.020503637005704886,85851,11193196,34.55437100291803,18.230573758482933,62.498088508844376,0.4799218194864856,23.29606878587978,1677.316952572829,5.090132436418854,34294,10104,41453,93.60999190004077
mean_duration.triggering_conditions,x0.5,0.5,1,True,,40704.49983110085,0.020279500390990024,81409,11199480,36.05355507552254,18.791247386485338,63.6553755149245,0.5007438204964896,24.567147345804756,1768.8346088867793,5.718955733846176,33675,8468,39266,91.85043390002102
mean_duration.triggering_conditions,x0.5,0.5,2,True,,40538.99539398068,0.020329006175718752,81078,11191712,36.2712734944074,17.991877652704716,65.07080365084113,0.503767687425509,24.6673803681616,1776.0513864965314,6.030294296911926,29891,11167,40020,93.21276329999091
mean_duration.triggering_conditions,x0.5,0.5,3,True,,41488.49521897925,0.019920278656704975,82977,11196313,34.72355153741771,17.89806717634201,61.28189912736419,0.48227154913366577,24.10260918976217,1735.3878616520137,5.434627673964021,32999,9024,40954,93.77321150002535
mean_duration.triggering_conditions,x0.5,0.5,4,True,,42745.49103476205,0.020584512282946298,85491,11200619,34.84323872217178,18.65678909048438,63.94870039820671,0.48393387114420755,23.393795764655053,1684.3532950445053,6.108934150346074,35230,10450,39811,94.92332419997547
mean_duration.triggering_conditions,x2,2.0,0,True,,35804.499643224866,0.02077350319200374,71609,9397892,41.97439222962905,21.565685600042343,68.25891432091593,0.5829776698564885,27.92945048707658,2010.9204350693115,5.486426659046545,34333,2503,34773,78.63685079995776
mean_duration.triggering_conditions,x2,2.0,1,True,,33580.9980821008,0.01960389144410047,67162,9399890,42.223822304294615,22.31065269932151,68.90305954888464,0.5864419764489789,29.77807794900681,2144.0216123285545,4.277945218783234,33464,2147,31551,78.96736060001422
mean_duration.triggering_conditions,x2,2.0,2,True,,32984.49922087626,0.02031268480491359,65969,9399006,44.544224991005464,21.66173243522644,72.58244151473046,0.6186697915417654,30.31615106291242,2182.7628765298437,5.252721413004174,29840,2882,33247,80.14231799996924
mean_duration.triggering_conditions,x2,2.0,3,True,,34479.99742922925,0.020091617323003703,68960,9397877,42.17675611182828,21.447915449738503,68.14563286941265,0.5857882793309188,29.00195675234761,2088.1408861687805,4.713357973160465,33221,2310,33429,89.60229900002014
mean_duration.triggering_conditions,x2,2.0,4,True,,35762.99842891735,0.020800648990459226,71526,9402464,42.09179071128557,21.952595189213753,70.14513890445232,0.5846082043232526,27.961335177690803,2013.2161327935323,5.077601468180317,35688,2593,33245,89.84829540003557
min_duration_seconds,0.001,0.001,0,True,,38162.990718951274,0.020549653754154837,76326,9998325,38.964493185714964,21.163748517632484,69.40959742665291,0.5411735164688167,26.2032853099473,1886.6365423161344,4.990213494430199,34089,5115,37122,50.85739530000137
min_duration_seconds,0.001,0.001,1,True,,36311.49665247606,0.020086948719131307,72623,9999806,40.01296542201877,21.788737319409847,70.07782160788774,0.5557356308615983,27.53943977846801,1982.8396640500318,4.527302458341858,33536,4325,34762,50.424445700016804
min_duration_seconds,0.001,0.001,2,True,,35530.499753276876,0.020439098287601157,71061,10000002,41.608493963670895,21.306102588772774,75.05260387063026,0.57789574949437,28.144507383505204,2026.4045316126653,5.3130429592694055,29883,5595,35583,51.05889709998155
min_duration_seconds,0.001,0.001,3,True,,37324.99625933504,0.020428000001658092,74650,9998745,39.6069604009379,21.029726167675108,68.7120328307152,0.5500966722347534,26.79119173611121,1928.9658049997904,4.652216204936269,33471,4517,36662,51.841416399984155
min_duration_seconds,0.001,0.001,4,True,,38113.49995222096,0.02076743086982412,76227,10002289,39.42392485902153,21.694610834121704,71.5977311119438,0.5475545119310455,26.237156201711436,1889.0752465232829,4.910555835838908,35499,5291,35437,52.37596960004885
min_duration_seconds,0.5,0.5,0,True,,37689.99327993749,0.020313138685103295,75380,9998179,39.01200593312441,20.99322298169136,71.3853265263141,0.5418334157377946,26.531850987904413,1910.2932711289127,4.978220900202792,33700,5135,36545,51.53773630002979
min_duration_seconds,0.5,0.5,1,True,,36442.994293562806,0.019926169118028497,72886,10000245,39.562706342733485,21.65780768916011,70.77313533332199,0.5494820325372892,27.43878482428232,1975.592507348214,4.749497563276691,34048,4316,34522,50.47018600004958
min_duration_seconds,0.5,0.5,2,True,,35489.99699303731,0.020283044705574998,70980,9999279,41.36476189066238,21.277044537477195,74.76218885928392,0.5745105818152789,28.176196833224246,2028.6861719920207,5.053217623762657,29904,5675,35401,51.89126150001539
min_duration_seconds,0.5,0.5,3,True,,36969.999572594235,0.020319468579115103,73940,9998849,39.75575144521204,20.983121618628502,69.13906688094141,0.5521632145164611,27.048398816699205,1947.484714802213,4.035595885839802,33192,4572,36176,50.892151099978946
min_duration_seconds,0.5,0.5,4,True,,37846.998171828884,0.020382285523963515,75694,10002656,38.96379390292652,21.396873201796552,71.55001401971094,0.5411638042079474,26.42186601435791,1902.3743530335173,4.396886272990444,35274,5197,35223,51.219482799991965
min_duration_seconds,30,30.0,0,True,,32878.49723165727,0.020425096801428056,65757,8727517,44.95468241870602,30.0,74.21321154534819,0.624370589155163,30.41385102424481,2189.797273723702,3.857536920424926,28883,4907,31967,44.528034499962814
min_duration_seconds,30,30.0,1,True,,31580.99624319614,0.02010055928512682,63162,8728117,46.04571235072419,30.0,73.51281838268042,0.6395237826555187,31.66323604154871,2279.752994968227,4.0716991753994956,28508,4169,30485,45.44537410000339
min_duration_seconds,30,30.0,2,True,,30979.498603195905,0.020256237189287474,61959,8729404,47.351828389627805,30.0,79.69560076892378,0.6576642831951662,32.27782402608634,2324.003329854364,4.399936625297925,25455,5539,30965,46.050545800011605
min_duration_seconds,30,30.0,3,True,,32310.99905728403,0.020237348523746423,64622,8727973,45.28404775446586,30.0,71.71834194362165,0.6289451077074685,30.948997067446026,2228.32778883347,4.290363021818884,27694,4504,32424,45.60330689995317
min_duration_seconds,30,30.0,4,True,,33158.99528433366,0.02038195884169915,66318,8729871,44.48909981412897,30.0,74.61884502992034,0.6179041640910505,30.15723699504677,2171.321063621379,5.149702491770654,29938,5065,31315,46.3895958000212
min_duration_seconds,5,5.0,0,True,,38470.49790237694,0.020722653509562636,76941,9988210,38.97896873566244,21.04302180558443,70.18921299278736,0.5413745657750818,25.99344469842591,1871.5280182805288,5.373269369945346,34311,5086,37544,51.45886850001989
min_duration_seconds,5,5.0,1,True,,36955.99720658147,0.020048416178604422,73912,9989471,39.24918360679757,21.48184958472848,68.92204651078218,0.5451275500958951,27.059144301496342,1948.2583897015322,5.4396791838834835,33704,4302,35906,49.939200400025584
min_duration_seconds,5,5.0,2,True,,35614.49849652097,0.020207697585387464,71229,9988558,41.05943682919167,21.22660682350397,74.244806689024,0.570269955962197,28.078122969377148,2021.6248537885838,5.125697208049542,29855,5670,35704,50.79563380003674
min_duration_seconds,5,5.0,3,True,,37199.996290081916,0.02011503522976339,74400,9987784,39.119983591123265,20.78175626299344,68.60347789525987,0.5433331054345191,26.881187775981,1935.4455198644362,4.408683200950992,32905,4551,36944,52.529977300029714
min_duration_seconds,5,5.0,4,True,,38026.49796783772,0.020742541815950824,76053,9992690,39.47617104478778,21.758402943611145,72.17209224998953,0.5482801534017211,26.297024282157377,1893.3857483091736,5.132772787979714,35557,5346,35150,52.82341220002854
rarity_proportions_shape,common_heavy,,0,False,"ConfigError: Layer 'temporal_modifications': element count n=30 in the configured range is infeasible: Calculated unknown weight (0.0304284) is not smaller than the very_rare weight (0.03). Fix this by one of: (1) increase the proportion of unknown elements, (2) lower target_unknown_element_probability, or (3) use unknown_weight_mode='fixed'.",,,,,,,,,,,,,,,
rarity_proportions_shape,common_heavy,,1,False,"ConfigError: Layer 'temporal_modifications': element count n=30 in the configured range is infeasible: Calculated unknown weight (0.0304284) is not smaller than the very_rare weight (0.03). Fix this by one of: (1) increase the proportion of unknown elements, (2) lower target_unknown_element_probability, or (3) use unknown_weight_mode='fixed'.",,,,,,,,,,,,,,,
rarity_proportions_shape,common_heavy,,2,False,"ConfigError: Layer 'temporal_modifications': element count n=30 in the configured range is infeasible: Calculated unknown weight (0.0304284) is not smaller than the very_rare weight (0.03). Fix this by one of: (1) increase the proportion of unknown elements, (2) lower target_unknown_element_probability, or (3) use unknown_weight_mode='fixed'.",,,,,,,,,,,,,,,
rarity_proportions_shape,common_heavy,,3,False,"ConfigError: Layer 'temporal_modifications': element count n=30 in the configured range is infeasible: Calculated unknown weight (0.0304284) is not smaller than the very_rare weight (0.03). Fix this by one of: (1) increase the proportion of unknown elements, (2) lower target_unknown_element_probability, or (3) use unknown_weight_mode='fixed'.",,,,,,,,,,,,,,,
rarity_proportions_shape,common_heavy,,4,False,"ConfigError: Layer 'temporal_modifications': element count n=30 in the configured range is infeasible: Calculated unknown weight (0.0304284) is not smaller than the very_rare weight (0.03). Fix this by one of: (1) increase the proportion of unknown elements, (2) lower target_unknown_element_probability, or (3) use unknown_weight_mode='fixed'.",,,,,,,,,,,,,,,
rarity_proportions_shape,flat_known,,0,False,"ConfigError: Layer 'ego_maneuver': element count n=8 in the configured range yields zero unknown elements; shrink the range, raise the unknown proportion, or set allow_unknown: false.",,,,,,,,,,,,,,,
rarity_proportions_shape,flat_known,,1,False,"ConfigError: Layer 'ego_maneuver': element count n=8 in the configured range yields zero unknown elements; shrink the range, raise the unknown proportion, or set allow_unknown: false.",,,,,,,,,,,,,,,
rarity_proportions_shape,flat_known,,2,False,"ConfigError: Layer 'ego_maneuver': element count n=8 in the configured range yields zero unknown elements; shrink the range, raise the unknown proportion, or set allow_unknown: false.",,,,,,,,,,,,,,,
rarity_proportions_shape,flat_known,,3,False,"ConfigError: Layer 'ego_maneuver': element count n=8 in the configured range yields zero unknown elements; shrink the range, raise the unknown proportion, or set allow_unknown: false.",,,,,,,,,,,,,,,
rarity_proportions_shape,flat_known,,4,False,"ConfigError: Layer 'ego_maneuver': element count n=8 in the configured range yields zero unknown elements; shrink the range, raise the unknown proportion, or set allow_unknown: false.",,,,,,,,,,,,,,,
rarity_proportions_shape,tail_heavy,,0,True,,37924.99894051506,0.02049265494260097,75850,9998505,39.10425499139134,21.237438447773457,70.61484337151053,0.5431146526583746,26.366788956197638,1898.408804845857,3.8148222987051277,34169,5049,36632,51.85121849999996
rarity_proportions_shape,tail_heavy,,1,True,,36282.49136321208,0.020116520553911443,72565,9999758,40.09546066210855,21.932127341628075,70.87744685709477,0.5568813980853451,27.56124855677789,1984.409896087529,4.171326902548296,33953,4393,34219,49.60738780000247
rarity_proportions_shape,tail_heavy,,2,True,,35831.999896857014,0.02015593781415969,71664,9998415,40.73245054559267,21.239723935490474,73.4895342156291,0.5657284797996153,27.90737991573924,2009.3313539328324,3.4151770237658483,29932,5585,36147,50.96322820003843
rarity_proportions_shape,tail_heavy,,3,True,,36344.495361658766,0.02036301140567717,72689,9998217,40.53117778266572,21.318340826779604,70.41099785268308,0.5629330247595521,27.513358327646174,1980.9617995900237,3.262821764727557,33237,4585,34867,50.54355740000028
rarity_proportions_shape,tail_heavy,,4,True,,38075.49843864656,0.02057239515312635,76151,10001741,39.103183189734104,21.644637048244476,71.39272378385067,0.5430997665246785,26.26342638678482,1890.9666998483267,3.853636674924306,35556,5277,35318,52.024286999949254
target_unknown_element_probability,0.001,0.001,0,True,,23217.49935138849,0.008237358706871756,46435,9998505,25.56111431874372,15.497142262756824,46.62885792851448,0.35501547664960137,43.0699617038322,3101.037242675307,7.887978170166001,8807,1308,36320,52.857770500006154
target_unknown_element_probability,0.001,0.001,1,True,,22718.494592024632,0.008096538840950405,45437,9999758,25.67934258490435,15.675999149680138,46.3937812358141,0.3566575359014427,44.015578332380244,3169.121639930607,6.831617315841704,8545,937,35955,51.4911763999844
target_unknown_element_probability,0.001,0.001,2,True,,21997.999936678403,0.008100798051342346,43996,9998415,26.531057393202836,15.244068731204607,47.23892379179597,0.368486908239086,45.45866594347929,3273.023947929867,8.139157465662707,6660,1602,35734,51.29734190000454
target_unknown_element_probability,0.001,0.001,3,True,,22797.997090484023,0.00817339671118196,45596,9998217,25.832381144656136,15.19068532064557,45.15630411170423,0.3587830714543028,43.862654609336694,3158.1111318714443,7.404465083554451,8491,990,36115,51.9764867000049
target_unknown_element_probability,0.001,0.001,4,True,,23543.499034557004,0.008152004674874565,47087,10001741,24.956321142682103,15.531501412391663,47.22098536789419,0.3466155714264852,42.473823990264165,3058.1153272987317,6.764964094582541,9513,1339,36235,52.92443389998516
target_unknown_element_probability,0.002,0.002,0,True,,28028.499216986853,0.012241239653903545,56057,9998505,31.504746931641286,17.80272027850151,57.41665527373553,0.43756592960697166,35.677736782662954,2568.7970483512236,6.350226165165876,17329,2616,36112,51.73804550000932
target_unknown_element_probability,0.002,0.002,1,True,,27236.493516547256,0.012053850306917819,54473,9999758,31.938001288831835,18.08874550461769,56.69146761745219,0.44358335123369547,36.714259040044816,2643.426650882584,6.068016638550453,16832,2027,35614,51.68303209997248
target_unknown_element_probability,0.002,0.002,2,True,,26531.999923627212,0.012104878813424853,53064,9998415,32.905777823121326,17.663616746664047,58.666638733446625,0.4570246919880065,37.6903261504846,2713.703482834359,7.001226545815161,14258,2936,35870,52.07036390004214
target_unknown_element_probability,0.002,0.002,3,True,,27698.99646501083,0.01235850556510854,55398,9998217,32.16946792011876,17.47868604399264,55.966927838884295,0.4467981655582292,36.10169319411018,2599.3219099752764,6.228296252191314,16758,2226,36414,50.93996679998236
target_unknown_element_probability,0.002,0.002,4,True,,28650.998825114904,0.012186876336904505,57302,10001741,30.683610252794967,17.88948468491435,57.35946694649756,0.42616125351187867,34.90255458413407,2512.983930057414,5.789338651654138,18383,2545,36374,52.05820780002978
target_unknown_element_probability,0.008,0.008,0,False,"ConfigError: Layer 'temporal_modifications': element count n=30 in the configured range is infeasible: Calculated unknown weight (0.0498118) is not smaller than the very_rare weight (0.03). Fix this by one of: (1) increase the proportion of unknown elements, (2) lower target_unknown_element_probability, or (3) use unknown_weight_mode='fixed'.",,,,,,,,,,,,,,,
target_unknown_element_probability,0.008,0.008,1,False,"ConfigError: Layer 'temporal_modifications': element count n=30 in the configured range is infeasible: Calculated unknown weight (0.0498118) is not smaller than the very_rare weight (0.03). Fix this by one of: (1) increase the proportion of unknown elements, (2) lower target_unknown_element_probability, or (3) use unknown_weight_mode='fixed'.",,,,,,,,,,,,,,,
target_unknown_element_probability,0.008,0.008,2,False,"ConfigError: Layer 'temporal_modifications': element count n=30 in the configured range is infeasible: Calculated unknown weight (0.0498118) is not smaller than the very_rare weight (0.03). Fix this by one of: (1) increase the proportion of unknown elements, (2) lower target_unknown_element_probability, or (3) use unknown_weight_mode='fixed'.",,,,,,,,,,,,,,,
target_unknown_element_probability,0.008,0.008,3,False,"ConfigError: Layer 'temporal_modifications': element count n=30 in the configured range is infeasible: Calculated unknown weight (0.0498118) is not smaller than the very_rare weight (0.03). Fix this by one of: (1) increase the proportion of unknown elements, (2) lower target_unknown_element_probability, or (3) use unknown_weight_mode='fixed'.",,,,,,,,,,,,,,,
target_unknown_element_probability,0.008,0.008,4,False,"ConfigError: Layer 'temporal_modifications': element count n=30 in the configured range is infeasible: Calculated unknown weight (0.0498118) is not smaller than the very_rare weight (0.03). Fix this by one of: (1) increase the proportion of unknown elements, (2) lower target_unknown_element_probability, or (3) use unknown_weight_mode='fixed'.",,,,,,,,,,,,,,,
target_unknown_element_probability,0.016,0.016,0,False,"ConfigError: Layer 'temporal_modifications': element count n=30 in the configured range is infeasible: Calculated unknown weight (0.100434) is not smaller than the very_rare weight (0.03). Fix this by one of: (1) increase the proportion of unknown elements, (2) lower target_unknown_element_probability, or (3) use unknown_weight_mode='fixed'.",,,,,,,,,,,,,,,
target_unknown_element_probability,0.016,0.016,1,False,"ConfigError: Layer 'temporal_modifications': element count n=30 in the configured range is infeasible: Calculated unknown weight (0.100434) is not smaller than the very_rare weight (0.03). Fix this by one of: (1) increase the proportion of unknown elements, (2) lower target_unknown_element_probability, or (3) use unknown_weight_mode='fixed'.",,,,,,,,,,,,,,,
target_unknown_element_probability,0.016,0.016,2,False,"ConfigError: Layer 'temporal_modifications': element count n=30 in the configured range is infeasible: Calculated unknown weight (0.100434) is not smaller than the very_rare weight (0.03). Fix this by one of: (1) increase the proportion of unknown elements, (2) lower target_unknown_element_probability, or (3) use unknown_weight_mode='fixed'.",,,,,,,,,,,,,,,
target_unknown_element_probability,0.016,0.016,3,False,"ConfigError: Layer 'temporal_modifications': element count n=30 in the configured range is infeasible: Calculated unknown weight (0.100434) is not smaller than the very_rare weight (0.03). Fix this by one of: (1) increase the proportion of unknown elements, (2) lower target_unknown_element_probability, or (3) use unknown_weight_mode='fixed'.",,,,,,,,,,,,,,,
target_unknown_element_probability,0.016,0.016,4,False,"ConfigError: Layer 'temporal_modifications': element count n=30 in the configured range is infeasible: Calculated unknown weight (0.100434) is not smaller than the very_rare weight (0.03). Fix this by one of: (1) increase the proportion of unknown elements, (2) lower target_unknown_element_probability, or (3) use unknown_weight_mode='fixed'.",,,,,,,,,,,,,,,
transition_mode_conditional,conditional,,0,True,,20175.499436370774,0.01663727642619856,40351,9998505,59.71337388016659,33.545224487781525,104.79608495533466,0.8293524150024002,49.56474166255451,3568.6613997032177,1.0676911857246631,35361,4990,0,460.2283562000375
transition_mode_conditional,conditional,,1,True,,19399.995381969664,0.01633191652101604,38800,9999758,60.985579899224575,33.68128772266209,104.1891638122499,0.8470219430456234,51.54457326334701,3711.209274960083,0.9169041081697146,34428,4372,0,466.1608678000048
transition_mode_conditional,conditional,,2,True,,18138.999947786597,0.016328927797452555,36278,9998415,65.22370757891774,35.086994387209415,119.06966257989403,0.9058848274842656,55.12816240064585,3969.2276928457245,1.0862399543890688,30734,5544,0,447.66087820002576
transition_mode_conditional,conditional,,3,True,,19405.9975233763,0.016577525655222816,38812,9998217,61.896287564170905,33.067159835249186,104.50197037905455,0.8596706606144439,51.527972175745894,3710.0139966527636,1.0103925792002368,34264,4548,0,456.23465300002135
transition_mode_conditional,conditional,,4,True,,21029.999137627532,0.0169672988315122,42060,10001741,58.4674418059561,33.69218029920012,103.48401007801289,0.8120478028610041,47.55078893913578,3423.6568036174494,0.9534596424825028,36858,5202,0,461.8955260000075
unknown_proportion,0.05,0.05,0,False,"ConfigError: Layer 'temporal_modifications': element count n=30 in the configured range is infeasible: Calculated unknown weight (0.0785542) is not smaller than the very_rare weight (0.03). Fix this by one of: (1) increase the proportion of unknown elements, (2) lower target_unknown_element_probability, or (3) use unknown_weight_mode='fixed'.",,,,,,,,,,,,,,,
unknown_proportion,0.05,0.05,1,False,"ConfigError: Layer 'temporal_modifications': element count n=30 in the configured range is infeasible: Calculated unknown weight (0.0785542) is not smaller than the very_rare weight (0.03). Fix this by one of: (1) increase the proportion of unknown elements, (2) lower target_unknown_element_probability, or (3) use unknown_weight_mode='fixed'.",,,,,,,,,,,,,,,
unknown_proportion,0.05,0.05,2,False,"ConfigError: Layer 'temporal_modifications': element count n=30 in the configured range is infeasible: Calculated unknown weight (0.0785542) is not smaller than the very_rare weight (0.03). Fix this by one of: (1) increase the proportion of unknown elements, (2) lower target_unknown_element_probability, or (3) use unknown_weight_mode='fixed'.",,,,,,,,,,,,,,,
unknown_proportion,0.05,0.05,3,False,"ConfigError: Layer 'temporal_modifications': element count n=30 in the configured range is infeasible: Calculated unknown weight (0.0785542) is not smaller than the very_rare weight (0.03). Fix this by one of: (1) increase the proportion of unknown elements, (2) lower target_unknown_element_probability, or (3) use unknown_weight_mode='fixed'.",,,,,,,,,,,,,,,
unknown_proportion,0.05,0.05,4,False,"ConfigError: Layer 'temporal_modifications': element count n=30 in the configured range is infeasible: Calculated unknown weight (0.0785542) is not smaller than the very_rare weight (0.03). Fix this by one of: (1) increase the proportion of unknown elements, (2) lower target_unknown_element_probability, or (3) use unknown_weight_mode='fixed'.",,,,,,,,,,,,,,,
unknown_proportion,0.2,0.2,0,True,,39839.498887030975,0.02138919136480255,79679,9998505,38.86649212979414,21.580222591757774,69.5000065679662,0.5398123906908259,25.10013518891362,1807.2097336014242,4.1407327176678335,37886,5281,36512,50.816601799975615
unknown_proportion,0.2,0.2,1,True,,36657.99127382701,0.019602700866091755,73316,9999758,38.6713722720617,21.60131775587797,69.71038419473916,0.5371023926678158,27.27829986208142,1964.0375900693846,4.315685032177089,33288,4468,35560,49.791776500002015
unknown_proportion,0.2,0.2,2,True,,35535.99989770905,0.020143279443090568,71072,9998415,41.01036747272068,21.572665728628635,74.51418333575137,0.5695884371209439,28.140338769379422,2026.1043913949222,4.634129675844328,30367,5722,34983,49.253213900025
unknown_proportion,0.2,0.2,3,True,,37474.49521744642,0.020288509236219835,74949,9998217,39.15237794360288,21.283223755657673,70.2268005080521,0.5437830269949663,26.6845556536763,1921.2880070642059,4.305239053343543,33953,5140,35856,50.47029790002853
unknown_proportion,0.2,0.2,4,True,,38110.49843721132,0.019577283791927448,76221,10001741,37.16064025992499,21.160347513854504,67.64440675079823,0.5161200036093533,26.239481355778913,1889.2426576159019,4.822353657003348,34810,4623,36788,51.55456099996809
variance_duration.ego_maneuver,x0.25,0.25,0,True,,37617.49992408409,0.020596933734382355,75235,9999545,39.64278022398394,23.885386526584625,63.14899927079684,0.5505941697779614,26.583157273921802,1913.987323722283,4.769977020077459,34032,5133,36070,72.04008830001112
variance_duration.ego_maneuver,x0.25,0.25,1,True,,36562.99871495042,0.02022438481915739,73126,10000576,39.99984209989954,24.3627814874053,63.42924486845732,0.5555533624990788,27.350035418360925,1969.202550121712,4.381019777661933,34012,4346,34768,71.39279020001413
variance_duration.ego_maneuver,x0.25,0.25,2,True,,35842.49663270231,0.020383956262461186,71685,9998735,41.15995104108835,23.874386817216873,68.39608566313981,0.5716659866822749,27.898187045228543,2008.669467256182,4.850350307721912,30018,5654,36013,73.43288979999488
variance_duration.ego_maneuver,x0.25,0.25,3,True,,37027.49943458993,0.020482650195683013,74055,9999971,40.0351331702962,23.747199676930904,61.903354977071324,0.5560435162545007,27.005860209019186,1944.4219350492167,5.152979467589789,33361,4481,36213,74.17283610004233
variance_duration.ego_maneuver,x0.25,0.25,4,True,,38305.497311836014,0.020426130039914305,76611,10002348,38.56718436709956,24.01377407833934,64.78600115329027,0.5356553384312652,26.105800860174117,1879.6176619323974,5.445121142908942,35694,5285,35632,73.50509189994773
variance_duration.ego_maneuver,x4,4.0,0,True,,37523.4988941258,0.020378704767107417,75047,9986277,39.3142477583648,17.947293382138014,82.31345519647006,0.5460312188724877,26.64984371295168,1918.7887473090905,4.1003444206789545,34173,4997,35877,73.73553740000352
variance_duration.ego_maneuver,x4,4.0,1,True,,36779.49497287001,0.02018846498169781,73559,9989513,39.68321267192688,18.47381714731455,80.31790013611315,0.5511557315608188,27.188884927229083,1957.5997147368444,4.840261818342792,33691,4372,35496,71.56189269997412
variance_duration.ego_maneuver,x4,4.0,2,True,,35931.49982653178,0.020168199527356708,71863,9986951,40.61619074171329,17.926372081041336,84.64441317804157,0.5641137603085608,27.83063154889914,2003.8054714965724,5.170462962852893,29835,5694,36334,74.09909979999065
variance_duration.ego_maneuver,x4,4.0,3,True,,37027.99889941781,0.020332399978634078,74056,9983394,39.742856221473765,17.32882460206747,81.31384088099003,0.5519841141939327,27.0060928046787,1944.438681913239,4.460651534652848,33073,4680,36303,73.91424020001432
variance_duration.ego_maneuver,x4,4.0,4,True,,38808.99069726668,0.021003772386235933,77618,9987886,39.162178249815085,18.37847524136305,82.34420148171486,0.5439191423655828,25.766322582147343,1855.1752258922497,5.626374289443041,35746,5297,36575,74.03366989997448
variance_duration.environmental_conditions,x0.25,0.25,0,True,,38546.49560986291,0.020617680362687987,77093,9997584,38.70385847927396,21.025803700089455,69.62768689692022,0.5375535899891765,25.94228925313481,1867.8448262255406,5.453437592538987,34313,5097,37683,75.5908664999879
variance_duration.environmental_conditions,x0.25,0.25,1,True,,36535.499868332234,0.019809170880822922,73071,10000089,39.20193820415858,21.5383163690567,69.33940848708153,0.54447136394679,27.36979356503315,1970.6251366820509,4.351186142424016,33810,4221,35040,73.44691689999308
variance_duration.environmental_conditions,x0.25,0.25,2,True,,35661.99843328355,0.02024308917995463,71324,9999485,41.06540027135397,21.20403863489628,74.0241428061796,0.5703527815468645,28.039089246227086,2018.8144257283043,5.058734308635883,29880,5594,35850,74.87869169999612
variance_duration.environmental_conditions,x0.25,0.25,3,True,,36679.497701285174,0.020332603121635484,73359,9998375,40.10471315366033,21.104522854089737,69.88142663985491,0.5570099049119429,27.26313208039435,1962.9455097881562,4.146176910260486,33157,4637,35565,80.03882950003026
variance_duration.environmental_conditions,x0.25,0.25,4,True,,38042.49665483216,0.020641403808500425,76085,10002775,39.248688094413524,21.64972297847271,71.60745341032748,0.5451206679781032,26.285894421010376,1892.5843983120997,5.211268605629184,35465,5174,35446,80.29211480001686
variance_duration.environmental_conditions,x4,4.0,0,True,,37872.99934752664,0.02057890521901006,75746,9997419,39.31210496638325,21.07603519409895,70.1415071086958,0.5460014578661534,26.4036813845384,1901.0650596866838,5.572437743864146,34076,4996,36674,81.55742229998577
variance_duration.environmental_conditions,x4,4.0,1,True,,36906.99906239858,0.019864643633846317,73814,9999665,38.94801389498054,21.342566387727857,69.06051181107759,0.5409446374303012,27.095101839246063,1950.8473324252238,5.07799544502255,33734,4284,35796,80.07096390001243
variance_duration.environmental_conditions,x4,4.0,2,True,,35609.99944521513,0.019907628646452166,71220,9998908,40.42374255137847,21.376876145601273,73.55589736234396,0.5614408687691284,28.081675488809168,2021.8806351942299,5.014908860505843,30054,5518,35648,81.08889399998588
variance_duration.environmental_conditions,x4,4.0,3,True,,36847.49847989852,0.020252654922825443,73695,9998275,39.77194396234564,20.99987117946148,69.55555538833147,0.552388110587747,27.13859312546867,1953.978705033653,4.3045524794745145,33302,4636,35757,82.06872250000015
variance_duration.environmental_conditions,x4,4.0,4,True,,37732.49901751805,0.02058206917664347,75465,10001787,39.46596977541514,21.789315819740295,72.46143856346612,0.5481384691036358,26.502000493631943,1908.144035541431,5.069725157957015,35500,5281,34684,85.10341669997433
variance_duration.ru_maneuver,x0.25,0.25,0,True,,37653.99548587365,0.020521815421584662,75308,9999605,39.45701387647295,23.141626649536192,63.29703091382981,0.5480140816181555,26.55750103389872,1912.1400744401308,5.192741206430516,34149,5141,36018,69.759576499986
variance_duration.ru_maneuver,x0.25,0.25,1,True,,36538.997978734136,0.020133881307081467,73078,10000353,39.85973644483206,23.97209932655096,63.06329059377314,0.5536074506228598,27.36798880271766,1970.4951937957069,4.76420224772567,33745,4323,35010,67.42886849999195
variance_duration.ru_maneuver,x0.25,0.25,2,True,,35718.99699714873,0.020018835936007937,71438,9999045,40.551175527928514,23.205323718488216,65.41075279638173,0.5632107712220917,27.99576124756004,2015.694809824079,4.623593625339948,29990,5416,36032,69.55030579998856
variance_duration.ru_maneuver,x0.25,0.25,3,True,,36652.99455002408,0.020161158673844305,73306,9996787,39.797010800060846,23.0153818577528,63.20504255592823,0.552736261111823,27.281327626594543,1964.2555891145323,4.3570623696607615,33030,4676,35600,70.00655900000129
variance_duration.ru_maneuver,x0.25,0.25,4,True,,38076.99583517826,0.02048831356123314,76154,10002332,38.94361487058416,23.927151078358293,63.6873535171151,0.5408835398698324,26.261654890608863,1890.8391521234469,5.066108703561931,35467,5246,35441,72.11855449998984
variance_duration.ru_maneuver,x4,4.0,0,True,,38487.99594016225,0.020838912126297075,76976,9991453,39.18603915867475,18.806789856404066,74.0243178550154,0.544250543873448,25.98168974248842,1870.6816614475767,5.620326742839118,34418,5008,37550,68.86347620002925
variance_duration.ru_maneuver,x4,4.0,1,True,,36762.4991368102,0.01981466775315401,73525,9995206,38.98656065678206,18.967391304671764,73.06584198549403,0.5414800091248072,27.20092248774131,1958.466419105155,4.9317088673561615,33702,4245,35578,67.12672300002305
variance_duration.ru_maneuver,x4,4.0,2,True,,35589.48346296614,0.020084254940838823,71179,9992958,40.84060484051267,18.868546210229397,78.55556012957102,0.5672306227881376,28.098166577338898,2023.0679935558053,5.807663967853429,29829,5409,35941,71.07547219999833
variance_duration.ru_maneuver,x4,4.0,3,True,,36885.99755106849,0.02027764047070411,73772,9994026,39.76274556542725,18.94318040832877,72.7916523635388,0.5522603550785609,27.110547030578495,1951.9593861891124,4.833745259398985,33286,4564,35922,69.56225089996587
variance_duration.ru_maneuver,x4,4.0,4,True,,38729.495529701635,0.021213174749721325,77459,9997738,39.63994407637458,18.87209841609001,77.95570434033867,0.5505547788419435,25.81985156293675,1859.0293125196617,6.219397832187571,35521,5448,36490,70.90858210000442
variance_duration.street,x0.25,0.25,0,True,,37768.49797400526,0.02025251115474618,75537,9997731,38.81903965805666,21.06721766293049,69.88923256397248,0.5391533285839223,26.476472335224543,1906.3060081358421,4.748222558973562,34011,5067,36459,58.49797419999959
variance_duration.street,x0.25,0.25,1,True,,36262.49837733194,0.019810340249197894,72525,9999543,39.530848936415616,21.673106027767062,70.02981392480433,0.5490395685608578,27.57634580069032,1985.4968976494058,4.500501473240037,33711,4429,34385,58.92812940001022
variance_duration.street,x0.25,0.25,2,True,,35889.99921550699,0.020039445046030533,71780,9999701,40.41183694298278,21.069817028939724,73.09198948242701,0.5612755130972591,27.862373823521306,2006.0909152934162,5.64942292963844,29874,5523,36383,60.35198850004235
variance_duration.street,x0.25,0.25,3,True,,36735.998327074034,0.02015572751432183,73472,9997879,39.722463741345436,20.998261810280383,69.87698370218291,0.5517008852964542,27.22082723261249,1959.8995607477234,4.568411526272477,33037,4592,35843,62.18840620003175
variance_duration.street,x0.25,0.25,4,True,,38217.49646424608,0.020632095560384468,76435,10001631,39.06071465236014,21.493752360343933,71.55635708868508,0.5425099257274911,26.1655630789503,1883.9205416838772,5.077692708982211,35529,5170,35736,63.34220129996538
variance_duration.street,x4,4.0,0,True,,38160.496208344135,0.02072675482296966,76321,9998533,39.28453140223235,21.14475616812706,69.99060912430286,0.5456184916973136,26.204863516739646,1886.7501732052292,5.631567054227914,34232,5000,37089,63.29000049998285
variance_duration.street,x4,4.0,1,True,,36764.99699090828,0.01974828590877441,73530,9998945,38.85184954815415,21.55025812983513,69.26052630618217,0.5396090215014283,27.19819598911268,1958.2701112160391,4.881164970780736,33589,4360,35581,63.75851119996514
variance_duration.street,x4,4.0,2,True,,35435.99808999572,0.02000727591779641,70872,10000378,40.85840281560316,21.316710513085127,74.2152777723968,0.5674778168833668,28.219817738310756,2031.8268771583594,5.351371373176981,29748,5646,35478,62.74999480001861
variance_duration.street,x4,4.0,3,True,,37245.99816549904,0.020165143672168234,74492,9997809,39.18116007337295,20.86748868972063,69.40255336016418,0.5441827787962815,26.848285132260393,1933.076529522603,5.075634306419063,33356,4637,36499,66.13589109998429
variance_duration.street,x4,4.0,4,True,,38621.99543073212,0.020820348090781857,77244,10002220,39.017821692356335,21.34656213223934,71.87461202889679,0.541914190172231,25.8918960399006,1864.2165148723643,6.701030396662511,35578,5291,36375,70.01644369994756
variance_duration.temporal_modifications,x0.25,0.25,0,True,,38418.996192629354,0.020657768397368697,76838,9998039,38.92250883172042,20.978251464664936,69.65773787349463,0.5405904004398581,26.028790418835797,1874.0729101561103,4.914196488383064,34192,5027,37619,77.36486610001884
variance_duration.temporal_modifications,x0.25,0.25,1,True,,36926.49963690143,0.019836650827419106,73853,9999178,38.86087839425752,21.375280901789665,69.42949639186267,0.5397344221426305,27.079106010806612,1949.6956327776118,5.5406676729210895,33684,4342,35827,74.94844080001349
variance_duration.temporal_modifications,x0.25,0.25,2,True,,35907.99568314071,0.02035876595160009,71816,9999511,41.02048559417873,21.145033507607877,74.30545776337385,0.5697289665863987,27.848935971980374,2005.123389982536,5.019481948004477,29946,5556,36314,79.53384200000437
variance_duration.temporal_modifications,x0.25,0.25,3,True,,36915.49801017794,0.019952515552139328,73831,9999079,39.09343457751449,20.873604014515877,68.11230906192213,0.5429643691322955,27.088395542625644,1950.3644790685871,5.262489595789488,33027,4433,36371,82.4577989000245
variance_duration.temporal_modifications,x0.25,0.25,4,True,,38050.99826171365,0.020456578441152617,76102,10002198,38.90955144170493,21.51608369173482,71.27614706307675,0.5404104366906843,26.28049332796646,1892.1955196129836,4.317347426734471,35496,5140,35466,82.61506029998418
variance_duration.temporal_modifications,x4,4.0,0,True,,37717.99665318852,0.020612274405318997,75436,9997429,39.55155577572478,21.160563807934523,69.7245271652937,0.5493271635515234,26.512140855599828,1908.874141603073,5.513349663637131,33856,5011,36569,78.41890769999009
variance_duration.temporal_modifications,x4,4.0,1,True,,37086.99430640704,0.020107389625043937,74174,9997467,39.21949784931617,21.475195534527302,69.02635650932785,0.5447152479070129,26.96325476460859,1941.3543430517373,5.440292572957271,33663,4256,36255,80.612176500028
variance_duration.temporal_modifications,x4,4.0,2,True,,36125.49325494686,0.02029226355767422,72251,9999807,40.623532324068414,21.148742526769638,72.51587051898241,0.5642157267239157,27.68123668087496,1993.0490410224832,5.225362741236598,30099,5583,36569,82.88576360000297
variance_duration.temporal_modifications,x4,4.0,3,True,,37179.99515329364,0.020847948334598826,74360,9997174,40.60414655652613,21.00835384428501,68.77731231898069,0.5639464799517391,26.896165085191768,1936.5238861335224,5.526908344844177,33245,4642,36473,82.82030570000643
variance_duration.temporal_modifications,x4,4.0,4,True,,38458.99499055319,0.02094925287390396,76918,9999427,39.424980590308536,21.65122625976801,71.2892279904336,0.5475691748654,26.0016008391757,1872.115260420603,5.008275209480408,35658,5232,36028,84.49622849997832
variance_duration.triggering_conditions,x0.25,0.25,0,True,,38112.99212168878,0.020582984200376474,76226,9998260,39.07639078639256,21.34434173256159,76.66663692519069,0.5427276498101685,26.23741033810141,1889.0935443432509,4.143518473958753,34463,4988,36775,93.68816349998815
variance_duration.triggering_conditions,x0.25,0.25,1,True,,36629.99345735871,0.019764320433650354,73260,9999696,39.057263148352575,21.93940718099475,74.97907868921759,0.5424619881719925,27.299288205921854,1965.5487508258866,4.947752686446154,33827,4377,35056,90.67716110002948
variance_duration.triggering_conditions,x0.25,0.25,2,True,,35668.4922913053,0.02031637399515348,71337,9999899,41.21460237767443,21.52622812986374,83.14433809518816,0.5724250330228425,28.03563880061398,2018.5659936438476,4.85930718960602,29616,5570,36151,89.03011330001755
variance_duration.triggering_conditions,x0.25,0.25,3,True,,37344.99774115089,0.020517720093847898,74690,9998882,39.757513152323924,21.216534889987088,76.09327418059125,0.552187682671176,26.77722792219807,1927.9604103979025,4.835982025538054,33330,4675,36685,90.8057311999728
variance_duration.triggering_conditions,x0.25,0.25,4,True,,38454.9986328339,0.020570679503889792,76910,10003209,38.74341489497074,21.813453819602728,78.35186342895031,0.5381029846522432,26.003555625978198,1872.256005070158,4.0758662640990675,35518,5216,36176,93.35013849998359
variance_duration.triggering_conditions,x4,4.0,0,True,,37738.98766592307,0.020319219488883083,75478,9995510,38.96277159114065,20.085459019988775,63.73350187763572,0.5411496054338015,26.497211430389687,1907.7992229837087,4.792205815638516,34057,4874,36547,91.55536289996235
variance_duration.triggering_conditions,x4,4.0,1,True,,36636.49790549618,0.019872442062589823,73273,9997284,39.25053308070216,20.8027246594429,64.38382520228625,0.5451462927888395,27.29513138379432,1965.2494596281365,5.089665090152631,33910,4333,35030,89.30203769996297
variance_duration.triggering_conditions,x4,4.0,2,True,,35299.99769912329,0.020159712365988274,70600,9998581,41.3013517903745,20.263712458778173,67.25442538857459,0.5736298859781476,28.32684719795805,2039.5329982481087,6.532122368215013,29942,5545,35113,93.02095739997458
variance_duration.triggering_conditions,x4,4.0,3,True,,37467.99970103337,0.02027804308178488,74936,9996794,39.13439115978101,20.021153829991817,62.70145858824253,0.5435332105541463,26.68935695608082,1921.633700833452,4.706240715695484,33338,4628,36970,94.02959810005268
variance_duration.triggering_conditions,x4,4.0,4,True,,37763.49900749623,0.020865665349389242,75527,10000778,40.01803330770949,20.815003767609596,66.19303024038679,0.5558060181642657,26.479891427887573,1906.5521828035037,5.764764013641366,35618,5261,34648,98.03985649999231
