factor,n_levels,any_infeasible,episodes_per_million_miles_effect_range,episodes_per_million_miles_effect_pct,episodes_per_million_miles_snr,episodes_per_million_miles_trend,episodes_per_million_miles_pearson,unknown_time_fraction_effect_range,unknown_time_fraction_effect_pct,unknown_time_fraction_snr,unknown_time_fraction_trend,unknown_time_fraction_pearson,total_unknown_episodes_effect_range,total_unknown_episodes_effect_pct,total_unknown_episodes_snr,total_unknown_episodes_trend,total_unknown_episodes_pearson,total_events_effect_range,total_events_effect_pct,total_events_snr,total_events_trend,total_events_pearson,duration_s_mean_effect_range,duration_s_mean_effect_pct,duration_s_mean_snr,duration_s_mean_trend,duration_s_mean_pearson,duration_s_median_effect_range,duration_s_median_effect_pct,duration_s_median_snr,duration_s_median_trend,duration_s_median_pearson,duration_s_p90_effect_range,duration_s_p90_effect_pct,duration_s_p90_snr,duration_s_p90_trend,duration_s_p90_pearson,duration_mi_mean_effect_range,duration_mi_mean_effect_pct,duration_mi_mean_snr,duration_mi_mean_trend,duration_mi_mean_pearson,inter_arrival_mi_mean_effect_range,inter_arrival_mi_mean_effect_pct,inter_arrival_mi_mean_snr,inter_arrival_mi_mean_trend,inter_arrival_mi_mean_pearson,inter_arrival_s_mean_effect_range,inter_arrival_s_mean_effect_pct,inter_arrival_s_mean_snr,inter_arrival_s_mean_trend,inter_arrival_s_mean_pearson,dispersion_index_effect_range,dispersion_index_effect_pct,dispersion_index_snr,dispersion_index_trend,dispersion_index_pearson,episodes_element_effect_range,episodes_element_effect_pct,episodes_element_snr,episodes_element_trend,episodes_element_pearson,episodes_hidden_triggering_effect_range,episodes_hidden_triggering_effect_pct,episodes_hidden_triggering_snr,episodes_hidden_triggering_trend,episodes_hidden_triggering_pearson,episodes_full_scenario_effect_range,episodes_full_scenario_effect_pct,episodes_full_scenario_snr,episodes_full_scenario_trend,episodes_full_scenario_pearson
fixed_unknown_weight,4,False,18932.398324290232,50.940106492090734,16.826843078182925,increasing,0.9999943243839557,0.015979795019034987,78.5127088037159,76.7877556240698,increasing,0.9998752053380655,37864.8,50.9401065489964,16.826846537281632,increasing,0.9999943243843714,0.0,0.0,0.0,flat,0.0,22.3696161444291,56.43033192973126,26.333059004564294,increasing,0.9999916178076095,8.223926752658734,38.77016750802776,24.249489448809154,increasing,0.9997713808291442,35.7143889404461,50.41538689886214,19.93022520226481,increasing,0.9998518927473358,0.31068911311748715,56.4303319297612,26.33305900459745,increasing,0.9999916178076144,27.93676266127361,103.75418958686942,33.90126203506518,decreasing,-0.9998232105799757,2011.4469116113041,103.75418958686949,33.9012620350992,decreasing,-0.9998232105799758,4.219366490643059,86.63686889000721,10.640542328767582,non-monotonic,-0.9717518916468019,32347.199999999997,97.2959315651112,14.919123677434778,increasing,0.9990274085738965,4849.0,98.33306294613887,10.155888090726318,increasing,0.9998666120920844,668.5999999999985,1.849280589468556,1.5376340685378396,increasing,0.8631645175103337
target_unknown_element_probability,5,True,14310.898750923334,38.50535436042769,12.719320788882605,increasing,1.0,0.01220111229655835,59.947100427760866,58.630040513907325,increasing,1.0,28621.800000000003,38.50535435613195,12.719323387968968,increasing,1.0,0.0,0.0,0.0,flat,0.0,13.929077653856467,35.13795097811157,16.39702806565622,increasing,1.0,5.784117583294574,27.268142620307334,17.055343818745424,increasing,1.0,24.312485111989105,34.32015441836777,13.567453283791249,increasing,1.0,0.19345941185923843,35.13795097810507,16.397028065665133,increasing,1.0,16.850224070784215,62.5799547363042,20.44774723898434,decreasing,-1.0,1213.216133096225,62.57995473630425,20.447747239004865,decreasing,-1.0,2.5354621633159793,52.0610152035649,6.39401496209934,decreasing,-1.0,24842.999999999996,74.72432939704386,11.458048595195633,increasing,1.0,3696.0,74.95133030499676,7.7410110091409505,increasing,0.9999999999999998,82.79999999999563,0.22901650135804474,0.19042192772199623,increasing,1.0
average_speed_mph,4,False,55468.9011203843,149.2463702523308,49.299960780692224,decreasing,-0.9733428168044613,0.00013384121103685725,0.6575951703733462,0.6431475618608026,decreasing,-0.9776167143758121,110937.8,149.24635419469408,49.29996555596866,decreasing,-0.9733428123814173,14998145.000000002,149.9915414309075,10139.041464357504,decreasing,-0.9732154941266845,0.20743651243912353,0.5232861921146889,0.24419006059345522,non-monotonic,-0.9149200047105664,0.10552470167167627,0.4974765076455585,0.3111555120488844,non-monotonic,-0.6490951970305401,0.30121065922081414,0.42519702487422645,0.1680890097714908,non-monotonic,-0.8118658906170783,0.8218300435418018,149.2686424753378,69.65580097476251,increasing,0.9999993700896571,40.52753777619448,150.5150002132923,49.1801678829216,increasing,0.9999993389234934,8.783509195211082,0.4530698140812022,0.14803873027701175,non-monotonic,-0.6241555135367428,0.287693561873005,5.9072539576177,0.7255154368818709,increasing,0.9146442146771178,50047.40000000001,150.5357003206382,23.082781518463715,decreasing,-0.972889023322012,7339.599999999999,148.84003893575598,15.37227391847698,decreasing,-0.973842506983135,53550.8,148.11614566334578,123.15515177603397,decreasing,-0.9736958664350207
full_scenario_target_mass,3,False,27019.797642511312,72.70031750485413,24.01480716531669,increasing,1.0,0.006037542950045348,29.663950692870927,29.01222275164734,increasing,1.0000000000000002,54039.6,72.7003174944842,24.0148120717945,increasing,1.0000000000000002,0.0,0.0,0.0,flat,0.0,15.210886465224384,38.37148418802136,17.905947433981087,decreasing,-1.0000000000000002,7.363220017496495,34.71252627396162,21.711565714737954,decreasing,-1.0,26.720091016106316,37.71879532353505,14.91100498076616,decreasing,-1.0000000000000002,0.21126231201706702,38.37148418800151,17.905947433984867,decreasing,-1.0000000000000002,17.381190937509803,64.5519096697568,21.092075542125716,decreasing,-1.0000000000000002,1251.445747500457,64.55190966975671,21.092075542146837,decreasing,-1.0000000000000002,4.041751731688123,82.98987908273789,10.19262737161348,increasing,1.0000000000000002,0.0,0.0,0.0,flat,0.0,0.0,0.0,0.0,flat,0.0,54039.600000000006,149.46811747329528,124.27928508847984,increasing,1.0000000000000002
mean_duration.ego_maneuver,3,False,26895.300318800426,72.36534108933702,23.90415573627671,decreasing,-1.0,0.00016726713084630473,0.8218250309797805,0.8037692318371806,increasing,1.0,53790.59999999999,72.36533390733464,23.904158251154136,decreasing,-1.0000000000000004,7129000.399999999,71.29480071419205,4819.34470262964,decreasing,-1.0000000000000002,25.861435912701385,65.23891171447978,30.443558505205807,increasing,1.0000000000000002,22.682012568134812,106.93011418194828,66.88133795342013,increasing,1.0,35.571722246333906,50.21399477667738,19.850610810786353,increasing,1.0,0.3591866098859084,65.23891171211629,30.443558504125072,increasing,1.0,17.697412941661543,65.7263248361848,21.47581095033972,increasing,1.0000000000000002,1274.213731845493,65.72632483856343,21.47581095113846,increasing,1.0,2.5452943758685267,52.26290146106417,6.4188101710679915,decreasing,-1.0000000000000002,29659.199999999997,89.21079702341922,13.67936863078639,decreasing,-1.0000000000000002,39.600000000000364,0.803049967553544,0.08293940366936808,decreasing,-1.0000000000000002,24091.800000000003,66.63550419586997,55.40588162189651,decreasing,-1.0000000000000002
allow_self_transition,2,False,17140.498374698844,46.118764119516314,15.23422819933299,n/a,,0.004088522067919178,20.087926170124923,19.64658702073599,n/a,,34281.0,46.11876446214282,15.234231427197598,n/a,,0.0,0.0,0.0,n/a,,7.0456419142099875,17.77356881360307,8.293986944345843,n/a,,3.342421286033641,15.757221220389345,9.855633707212238,n/a,,11.44118666153404,16.150685178603382,6.384693494987556,n/a,,0.09785613769776164,17.77356881366146,8.293986944379133,n/a,,8.493573160180503,31.544234763926593,10.306951195759947,n/a,,611.5372675328731,31.544234763926475,10.306951195770242,n/a,,1.648598608809671,33.85091620754746,4.157492201516048,n/a,,6775.800000000003,20.38067508467134,3.1251236030804095,n/a,,63.80000000000018,1.2938027255029239,0.13362459480064773,n/a,,27441.4,75.90016208172682,63.10923052404182,n/a,
full_scenario_enabled,2,False,18077.298419828767,48.63934779007474,16.066842593189868,n/a,,0.004007847984879426,19.691554327922827,19.258923614148284,n/a,,36154.6,48.63934779099176,16.066845878409563,n/a,,0.0,0.0,0.0,n/a,,22.494070313138863,56.74428412296457,26.47956393101626,n/a,,12.88942115358805,60.76476994941227,38.00640395588908,n/a,,38.42668376643208,54.244134837511794,21.443806935021822,n/a,,0.312417643238169,56.74428412294211,26.479563931025073,n/a,,25.581080030328245,95.00543278705564,31.042641116406102,n/a,,1841.8377621832683,95.00543278705557,31.042641116437206,n/a,,3.893842589456095,79.95283904565956,9.819625051899902,n/a,,0.0,0.0,0.0,n/a,,0.0,0.0,0.0,n/a,,36154.6,100.0,83.14768874417932,n/a,
transition_mode_conditional,2,False,17535.89846652367,47.182640044770714,15.585654108732925,categorical,,0.0037845426473221214,18.594399644707686,18.185873824118104,categorical,,35071.8,47.182640047355115,15.585657296122887,categorical,,0.0,0.0,0.0,categorical,,21.616157174992885,54.52963146772055,25.44610236786657,categorical,,12.602572387790136,59.41247498936041,37.16058706952496,categorical,,36.36792276177552,51.337932725104764,20.294926282776405,categorical,,0.30022440520812543,54.52963146765659,25.446102367855264,categorical,,24.137334843211512,89.64351545699623,29.290656303643363,categorical,,1737.8881087108812,89.643515456996,29.29065630367266,categorical,,3.863236768652264,79.32440525349365,9.742442249104261,categorical,,1082.800000000003,3.2569135720774196,0.49940727846386773,categorical,,0.0,0.0,0.0,categorical,,36154.6,100.0,83.14768874417932,categorical,
mean_duration.ru_maneuver,3,False,17730.497971937606,47.7062355955983,15.758611347673494,decreasing,-1.0,0.00016099698477983065,0.7910182433027522,0.7736392806515671,increasing,1.0,35460.99999999999,47.70623688317278,15.75861499489087,decreasing,-1.0,4774470.199999999,47.74791447968619,3227.635906183015,decreasing,-1.0000000000000002,17.36428945279364,43.80372963123477,20.440889811451797,increasing,1.0,10.79247477464378,50.87910768463855,31.823241019219168,increasing,1.0000000000000002,38.914790039686494,54.93315871119243,21.716192050299036,increasing,1.0,0.24117068683660142,43.80372962979083,20.44088981079288,increasing,1.0000000000000002,11.722694081090783,43.53684923716626,14.225489496349844,increasing,1.0,844.0339738658045,43.536849238581404,14.2254894968265,increasing,1.0,1.612629691090496,33.11236116250403,4.066784557996675,decreasing,-1.0,18540.4,55.76697487231625,8.551173536785619,decreasing,-1.0,6.800000000000182,0.1378974691758635,0.014242119822012952,increasing,1.0000000000000002,16926.6,46.817279129073476,38.92748552873564,decreasing,-1.0000000000000002
concentration_scale,4,False,3786.2996604319997,10.187536972846983,3.365208630294074,non-monotonic,0.3617200482203085,0.0019111849467795053,9.390127158565152,9.183822600408302,non-monotonic,0.24909635133838584,7572.599999999991,10.187536996179292,3.3652093260288902,non-monotonic,0.3617200509978913,0.0,0.0,0.0,flat,0.0,0.6136179670045436,1.5479329342330563,0.7223386412652195,decreasing,-0.9590772715020526,1.099585987091995,5.1837928754964135,3.2422952676986494,non-monotonic,0.47647759296950953,3.246560485567926,4.582931636976798,1.8117258485939183,non-monotonic,0.5065606463872437,0.008522471764292994,1.5479329342937387,0.7223386412940631,decreasing,-0.9590772714949548,3.6508455843662766,13.558855387271096,4.430301187930103,non-monotonic,-0.42182663741235915,262.86088207431294,13.558855387270732,4.430301187934426,non-monotonic,-0.4218266374123528,0.8775608242617752,18.019084676142164,2.2130628181583862,non-monotonic,-0.4045302652489289,5577.200000000001,16.77545102898978,2.57230723443727,non-monotonic,0.3514542958687531,1410.6000000000004,28.60561323815705,2.9544020913133733,non-monotonic,0.4439744868116306,584.8000000000029,1.6174981883356556,1.3449123590800702,non-monotonic,0.24296453554115865
mean_duration.triggering_conditions,3,False,7157.997561021941,19.259533408441172,6.361925185083375,decreasing,-1.0000000000000002,3.666254270641087e-05,0.1801321941916915,0.17617462342560833,decreasing,-1.0000000000000002,14316.0,19.25953828768229,6.361928097539768,decreasing,-1.0000000000000002,1796838.1999999993,17.969590994082075,1214.6980186244027,decreasing,-1.0,7.312999303121103,18.448013386219383,8.608714646960264,increasing,1.0,3.4740052618086317,16.377549311288178,10.243628922655569,increasing,1.0000000000000002,7.549282159097515,10.656768662463486,4.21283684279589,increasing,1.0,0.10156943476300939,18.448013385739205,8.608714646742465,increasing,1.0000000000000002,4.991993994954171,18.539739111825075,6.057784810371365,increasing,1.0,359.42356764747274,18.5397391123844,6.057784810560197,increasing,1.0,0.8064145956519084,16.55822876477238,2.033643832219555,decreasing,-1.0000000000000002,91.39999999999418,0.27491863731793165,0.0421553613332051,increasing,1.0,7355.6,149.16450356911096,15.405784788646423,decreasing,-1.0000000000000002,7051.800000000003,19.504572032327847,16.217600844324206,decreasing,-1.0
min_duration_seconds,5,False,5071.700288746408,13.646076338529332,4.507654204001131,non-monotonic,-0.978135142636994,0.00020940500411682078,1.0288588865301818,1.006254477196092,non-monotonic,-0.39499469537052256,10143.400000000001,13.646074369046982,4.5076544750338705,non-monotonic,-0.9781351842229786,1271265.1999999993,12.713507364775495,859.40031750558,non-monotonic,-0.9886917086502797,6.048325384018021,15.257705221023892,7.119966126723868,non-monotonic,0.9796658579818991,8.788003041369667,41.429399874556225,25.91275353454496,non-monotonic,0.9860025023253289,3.9254362665302978,5.541250851413221,2.1905688751820267,non-monotonic,0.9593330597443827,0.08400451922699059,15.257705221832158,7.11996612710623,non-monotonic,0.9796658579866901,4.230444225386982,15.711423600484839,5.133644150128387,non-monotonic,0.9796580686590178,304.59198421137717,15.71142359963759,5.133644149856699,non-monotonic,0.9796580686544282,0.7421727032194383,15.239140597328166,1.8716364367435456,non-monotonic,-0.7301177882064819,5200.0,15.640885274106516,2.3983356557186046,non-monotonic,-0.9873996402463217,154.19999999999982,3.1270279039584645,0.3229610112579906,non-monotonic,-0.9609403736414199,4818.399999999998,13.32721147516498,11.081268315648726,non-monotonic,-0.964363738095256
element_count.temporal_modifications,3,False,918.6999331404004,2.471882939860082,0.816527274891371,decreasing,-0.9999999999999999,0.0008858275146380219,4.352290978967415,4.25666954038371,decreasing,-0.9999999999999999,1837.3999999999942,2.471882903729207,0.8165274298979837,decreasing,-1.0,0.0,0.0,0.0,flat,0.0,1.1467146231299168,2.8927401522718155,1.349889226409319,increasing,1.0,0.29751522153819465,1.4025799745230838,0.8772685412376935,decreasing,-1.0,2.0245293539389735,2.8578797984513926,1.1297778612391243,decreasing,-1.0,0.015926591988048577,2.8927401522936425,1.349889226420488,increasing,1.0,0.7163362062364556,2.6603971065274346,0.8692740002581049,increasing,0.9999999999999999,51.576206849018035,2.6603971065276113,0.8692740002590342,increasing,0.9999999999999999,0.3427727092358026,7.038202141243441,0.8644159093215035,increasing,0.9999999999999998,786.3999999999978,2.365383111453333,0.3627021460879049,decreasing,-0.9999999999999998,533.0,10.80872809863725,1.1163308625195147,decreasing,-1.0,619.5999999999985,1.7137515005006239,1.4249447634849615,decreasing,-1.0
element_count.triggering_conditions,5,False,175.39999741391512,0.4719367506394487,0.15589299262793152,non-monotonic,-0.8183725540167764,0.0003626613446061251,1.7818454185117745,1.7426976172560082,non-monotonic,-0.9472411114043741,350.8000000000029,0.47193671635366047,0.1558930131752563,non-monotonic,-0.8183725898398478,0.0,0.0,0.0,flat,0.0,0.530739195420459,1.3388602098634432,0.624775430155179,non-monotonic,-0.9026304738418046,0.1680176573267076,0.7920878814681697,0.49542542523745403,non-monotonic,-0.8614414677244491,1.4802466084808685,2.089555713713391,0.8260437637924184,non-monotonic,-0.8094811473469999,0.007371377714206595,1.3388602098684534,0.6247754301579723,non-monotonic,-0.902630473850079,0.14153775725297635,0.5256563001869353,0.1717560711907429,non-monotonic,0.8325826509087295,10.190718522211,0.5256563001868692,0.17175607119089348,non-monotonic,0.8325826509085712,0.21861309808641582,4.4888146973136065,0.551305967132759,non-monotonic,-0.45857908916629697,0.0,0.0,0.0,flat,0.0,430.8000000000002,8.736210253082419,0.9022801793122086,non-monotonic,-0.8857004115569804,285.8000000000029,0.7904941556537839,0.6572776200839365,non-monotonic,0.4302964301751082
variance_duration.temporal_modifications,3,False,147.8981197280009,0.39793933340491316,0.1314497196601044,increasing,1.0,0.0003093699253720224,1.5200114165687053,1.4866162049391651,increasing,1.0,295.8000000000029,0.39794435774633125,0.13145140620650195,increasing,1.0,1340.199999999255,0.013402901747222104,0.9060016002328536,decreasing,-1.0,0.5233708513135866,1.3202725818487873,0.6161015647263114,increasing,0.9999999999999999,0.11116567859426141,0.5240698403411398,0.327788784022152,increasing,0.9999999999999999,0.5735966985300536,0.8097044451334081,0.3200925933814051,decreasing,-1.0,0.007269039601544791,1.3202725818417609,0.6161015647234814,increasing,0.9999999999999999,0.1150331999841292,0.42722117034993234,0.13959279042735845,decreasing,-0.9999999999999999,8.282390398682764,0.4272211703410138,0.1395927904245843,decreasing,-1.0,0.4726634437856161,9.70526757966281,1.1919787939765794,increasing,1.0,58.0,0.17445602805734192,0.026750666929169054,increasing,1.0,45.19999999999982,0.9166125892277706,0.09466820822867142,increasing,0.9999999999999998,224.20000000000437,0.6201147295226731,0.5156110651603217,increasing,0.9999999999999999
mean_duration.street,3,False,1400.6004373803007,3.7684995958216048,1.2448335055783923,decreasing,-1.0000000000000002,0.00027465938541400975,1.3494698975506618,1.3198215460151645,increasing,1.0000000000000002,2801.2000000000116,3.768498089651848,1.244833262561363,decreasing,-1.0,719823.5999999996,7.198720329903793,486.6149332082791,decreasing,-1.0,2.017195110819678,5.088642958182088,2.3746012239982877,increasing,1.0000000000000002,1.2795073410496123,6.03199851265786,3.7728205393397385,increasing,1.0000000000000002,2.640554100461287,3.7274768112123784,1.473547201625449,increasing,1.0000000000000002,0.02801659876094653,5.0886429580984345,2.374601223960982,increasing,1.0000000000000002,1.01042308101837,3.7526047374219744,1.226148428549524,increasing,1.0000000000000002,72.75046183340828,3.752604737427133,1.226148428552439,increasing,1.0000000000000002,0.6291281165361298,12.917979575424566,1.5865567423606912,increasing,1.0000000000000002,117.20000000000437,0.3525214911779523,0.05405479593273672,increasing,1.0,96.19999999999982,1.9508436080467193,0.2014841068937657,increasing,1.0,2976.0,8.231317729970737,6.844150445660515,decreasing,-1.0
element_count.environmental_conditions,3,False,74.09997592889704,0.1993757262140683,0.06585899185593155,increasing,1.0000000000000002,0.00027314181782825755,1.3420137104213408,1.3125291740680314,decreasing,-1.0000000000000002,148.1999999999971,0.19937577355647243,0.06585902095944224,increasing,1.0000000000000002,0.0,0.0,0.0,flat,0.0,0.5211292649122967,1.3146178820158865,0.6134628146204587,decreasing,-1.0000000000000002,0.14340029493178008,0.6760339218012008,0.4228374161747136,increasing,1.0,1.3176046475395395,1.859965970472377,0.7352822806741199,decreasing,-1.0000000000000002,0.007237906456943111,1.3146178819835597,0.6134628146058205,decreasing,-1.0,0.05683616800613933,0.21108353255528223,0.06897069098546996,decreasing,-1.0,4.092204096440128,0.21108353255522572,0.06897069098552065,decreasing,-1.0,0.2489037843405173,5.110777785707232,0.6276940528723941,decreasing,-1.0000000000000002,0.0,0.0,0.0,flat,0.0,386.1999999999998,7.831765087605448,0.8088686287148901,decreasing,-1.0000000000000002,320.8000000000029,0.8873006477737354,0.7377699808359923,increasing,1.0
mean_duration.temporal_modifications,3,False,1465.5996106737875,3.9433884161788226,1.3026038350679143,decreasing,-1.0000000000000002,0.00016487873206880513,0.8100902335370345,0.7922922522238,decreasing,-1.0000000000000002,2931.199999999997,3.9433891190873336,1.3026043335784123,decreasing,-1.0000000000000002,359709.7999999989,3.5973400290371425,243.17091062499617,decreasing,-1.0,1.2682663202741082,3.199370474946221,1.4929774221269756,increasing,1.0000000000000002,0.19634011350571967,0.9256088141472062,0.5789384626140667,increasing,1.0000000000000002,4.4473844699562335,6.278046899100433,2.4818392999831542,decreasing,-1.0000000000000002,0.0176148100041722,3.1993704750099514,1.492977422157803,increasing,1.0000000000000002,1.0430104258941242,3.87363069878215,1.265693172192688,increasing,1.0000000000000002,75.09675066447994,3.873630698788228,1.2656931721959432,increasing,1.0000000000000002,0.12068305327852524,2.478002773004875,0.30434263997279626,increasing,1.0000000000000002,1490.2000000000007,4.482316776052604,0.6873076527215128,decreasing,-1.0,30.0,0.6083711875405581,0.06283288156770252,decreasing,-1.0,1436.5999999999985,3.9734916165577783,3.303866441611521,decreasing,-1.0000000000000002
element_count.ego_maneuver,3,False,267.3999702866495,0.7194747717148763,0.23766124407763917,increasing,1.0,0.00022632791375629818,1.1120053521170803,1.0875741842571955,decreasing,-1.0,534.8000000000029,0.719474788785453,0.23766129830708904,increasing,0.9999999999999999,0.0,0.0,0.0,flat,0.0,0.5031852843979507,1.2693518045817707,0.592339524233614,decreasing,-1.0,0.5281752257375061,2.489983506822125,1.5574043822196402,decreasing,-1.0,0.7013647476211418,0.9900652414214591,0.3913928750769879,decreasing,-1.0,0.006988684505776166,1.2693518046259817,0.5923395242546767,decreasing,-1.0,0.19705288466612458,0.731833627331125,0.23912367939081802,decreasing,-1.0,14.187807695955371,0.7318336273309809,0.23912367939101067,decreasing,-1.0,0.35731306098875937,7.33676130912542,0.9010842643092984,increasing,1.0000000000000002,897.0,2.698052709783374,0.4137129006114593,decreasing,-1.0,180.19999999999982,3.654282933160282,0.37741617528333277,increasing,1.0,779.4000000000015,2.1557422845225824,1.7924498848614971,increasing,1.0
element_count.ru_maneuver,3,False,626.8000266298986,1.6864878690412488,0.557090840201176,increasing,1.0,0.0002220127763401178,1.0908040083576,1.0668386418423372,increasing,1.0,1253.6000000000058,1.6864876500026986,0.5570908817460108,increasing,1.0,0.0,0.0,0.0,flat,0.0,0.6608669123684123,1.6671246831212845,0.7779591426693103,decreasing,-1.0,0.3404276363551624,1.6048825436808092,1.0038022740424708,decreasing,-0.9999999999999999,1.5350204996392307,2.1668760038437838,0.8566100430534423,decreasing,-0.9999999999999999,0.009178707116014873,1.667124683081234,0.7779591426511876,decreasing,-1.0,0.4595783076272717,1.7068253554543642,0.5576982852813356,decreasing,-1.0,33.08963814915887,1.7068253554544597,0.5576982852819259,decreasing,-1.0,0.40079501433692055,8.22958261290648,1.010738537329818,increasing,1.0,535.2000000000044,1.609808038211899,0.2468440851808861,increasing,1.0,388.59999999999945,7.880434782608685,0.8138952592403055,decreasing,-1.0,894.4000000000015,2.4738207586309944,2.056924784475395,increasing,0.9999999999999998
mean_duration.environmental_conditions,3,False,194.099374874575,0.5222498838656653,0.17251273011710835,decreasing,-1.0000000000000002,0.00020983252132050073,1.0309593849208756,1.0083088268621645,increasing,1.0000000000000002,388.1999999999971,0.5222515202066366,0.17251330591400668,decreasing,-1.0000000000000002,120167.80000000075,1.2017588543357274,81.23579995263594,decreasing,-1.0000000000000002,0.4302556243943485,1.0853770374264287,0.5064882057461513,increasing,1.0,0.24234551936388016,1.1424927121973738,0.7145923463971363,increasing,1.0,0.3100026305206285,0.43760800677350953,0.17299532269397533,increasing,1.0000000000000002,0.00597577256020887,1.0853770372759328,0.5064882056762919,increasing,1.0,0.15340951763781163,0.5697467659518018,0.186162452649598,increasing,1.0000000000000002,11.045485269729397,0.5697467659419572,0.18616245264656792,increasing,1.0,1.9948068476048348,40.95966057939878,5.0305719464581795,increasing,1.0,126.0,0.3789906816418117,0.05811351781164312,increasing,1.0000000000000002,30.0,0.6083711875405581,0.06283288156770252,increasing,1.0,411.20000000000437,1.1373379874207,0.9456702497498769,decreasing,-1.0
variance_duration.ru_maneuver,3,False,362.6981547499672,0.9758870646485189,0.32236089850771754,increasing,1.0,0.0001809290281927639,0.8889493318103667,0.8694187870130384,increasing,0.9999999999999999,725.3999999999942,0.9758919442501133,0.3223625762751684,increasing,0.9999999999999998,5348.200000001118,0.053485598511079,3.6154885527302296,decreasing,-1.0,0.08058933328140938,0.2032973117510655,0.09486813071516882,decreasing,-1.0,4.56071528699249,21.500640867935413,13.447957473015244,decreasing,-1.0,11.545921259385977,16.298531338906084,6.4431400814639055,increasing,1.0,0.0011192962955304253,0.20329731174278118,0.09486813071137208,decreasing,-0.9999999999999998,0.250611240059186,0.9307437096047484,0.30411674470630173,decreasing,-1.0,18.044009296116883,0.9307437102164609,0.30411674490648116,decreasing,-1.0,0.6818269033832864,14.000051468649396,1.7194543404634837,increasing,1.0000000000000002,105.0,0.31582556803484313,0.04842793150970259,increasing,1.0,29.199999999999818,0.5921479558728061,0.06115733805923007,decreasing,-0.9999999999999999,676.0,1.8697482478024927,1.5546524533825632,increasing,1.0
variance_duration.street,3,False,270.99890546299866,0.7291581799128829,0.24085992585179578,increasing,0.9999999999999999,0.000175107788666376,0.8603481336555999,0.8414459677341309,increasing,0.9999999999999999,542.0,0.729161061184954,0.2408609268557247,increasing,0.9999999999999999,280.0,0.0028001883966753288,0.1892855156434413,increasing,1.0,0.20236786435050647,0.5104998531704289,0.23822335073445902,decreasing,-1.0,0.04843401942198611,0.2283331433454699,0.14281501748020345,decreasing,-1.0,0.10846011925487176,0.15310520598431904,0.060525593922903936,increasing,0.9999999999999999,0.0028106647832978338,0.5104998532884218,0.2382233507896937,decreasing,-0.9999999999999999,0.18770477093497462,0.697115719028677,0.22777974319549732,decreasing,-0.9999999999999999,13.514743507133517,0.6971157190192899,0.22777974319265848,decreasing,-1.0,0.6579793576079398,13.510386325488943,1.6593147861435351,increasing,1.0,68.19999999999709,0.20513622609500365,0.03145509456153882,increasing,0.9999999999999999,55.600000000000364,1.1275146009085084,0.11645027383880943,increasing,0.9999999999999999,443.20000000000437,1.2258467802160842,1.0192632652946136,increasing,1.0
unknown_proportion,3,True,357.6999906951096,0.9624388472141368,0.31791860224976276,n/a,,0.0001529387531761274,0.7514261464942,0.734917036817385,n/a,,715.3999999999942,0.9624387881396899,0.3179186477353949,n/a,,0.0,0.0,0.0,n/a,,0.6688709550734231,1.6873159453989781,0.787381339611147,n/a,,0.22755851052497889,1.072782119329855,0.6709906187063518,n/a,,0.5210993276722888,0.7355977519633079,0.29079671419201875,n/a,,0.009289874376641083,1.6873159455104618,0.7873813396637442,n/a,,0.2373506791083635,0.8814953850368096,0.2880250537334976,n/a,,17.08924889579862,0.8814953850368006,0.28802505373378345,n/a,,0.4265462354382734,8.758336199792808,1.0756788450167756,n/a,,814.6000000000058,2.4502048354398576,0.37570850483622875,n/a,,115.60000000000036,2.344256975989625,0.24211603697421447,n/a,,214.79999999999563,0.5941152716390049,0.4939931168440352,n/a,
base_weights_shape,3,True,29.899987116397824,0.08044984590606782,0.02657467810624987,categorical,,0.00012981066477804962,0.6377920937781384,0.6237795661647276,categorical,,59.80000000000291,0.08044987354033648,0.02657469266784693,categorical,,0.0,0.0,0.0,categorical,,0.2043162062761823,0.5154148048114691,0.24051689938360138,categorical,,0.047800080066373596,0.22534455459143188,0.14094575159573522,categorical,,0.48178766774016424,0.6801043610944509,0.2688590510045408,categorical,,0.00283772508763247,0.5154148048951955,0.24051689942284737,categorical,,0.03393700703774627,0.12603846425936324,0.04118255870310053,categorical,,2.4434645067171914,0.1260384642593603,0.04118255870314086,categorical,,0.38041098586523514,7.811034376798544,0.9593333990786691,categorical,,117.20000000000437,0.3525214911779523,0.05405479593273672,categorical,,20.800000000000182,0.42180402336145734,0.04356413122027413,categorical,,156.1999999999971,0.4320335448324614,0.35922590712773944,categorical,
variance_duration.environmental_conditions,3,False,171.99768143845722,0.46278237224845503,0.15286906316898005,decreasing,-1.0,0.00011595137384706744,0.5696979491540044,0.5571814750212898,decreasing,-1.0,344.0,0.46278857019856856,0.152871141768209,decreasing,-1.0,450.7999999988824,0.004508303318636103,0.304749680185185,decreasing,-1.0,0.08056461047146257,0.20323494517478957,0.09483902752408656,decreasing,-1.0,0.10493598669563653,0.494701120786943,0.3094195970742993,increasing,1.0,0.1147264476492893,0.16195092278957318,0.06402248522630385,increasing,1.0,0.0011189529231823148,0.20323494516873244,0.09483902752132911,decreasing,-1.0,0.11829762126454568,0.4393448866346847,0.14355416571489854,increasing,1.0,8.517428731277732,0.4393448866466582,0.14355416571895477,increasing,1.0,0.1637632254671022,3.362574245508522,0.41298368756126647,increasing,1.0,87.0,0.26168404208601287,0.04012600039375358,increasing,0.9999999999999999,13.400000000000546,0.2717391304347937,0.028065353766908267,decreasing,-1.0000000000000002,442.79999999999563,1.2247404203061176,1.0183433526002843,decreasing,-1.0
variance_duration.ego_maneuver,3,False,143.09825440986606,0.3850246647894857,0.12718366846462306,increasing,1.0,6.96793167170931e-05,0.3423518196907008,0.3348302239015468,decreasing,-1.0,286.20000000001164,0.3850293278803364,0.12718523480832325,increasing,1.0,13430.800000000745,0.13431703685024676,9.079485369657402,decreasing,-0.9999999999999999,0.23985720977922398,0.6050717131751762,0.2823550487860934,decreasing,-1.0,5.965749226510525,28.124411096916052,17.59091213643638,decreasing,-1.0,17.854024988114816,25.20321932369362,9.963343888463207,increasing,1.0,0.0033313501355941577,0.6050717131332025,0.2823550487667123,decreasing,-0.9999999999999998,0.10025304615972175,0.37232923814525964,0.12165707347278112,decreasing,-1.0,7.218219346759042,0.37232923934507983,0.1216570738649395,decreasing,-1.0,0.08027053799790185,1.6482066897191172,0.20242898056230416,decreasing,-1.0,177.20000000000437,0.5329932443407198,0.08172789965256677,decreasing,-1.0,76.80000000000018,1.5574302401038325,0.16085217681331884,increasing,1.0,415.40000000000146,1.148954766475086,0.9553293330401169,increasing,1.0
variance_duration.triggering_conditions,3,False,260.898453053087,0.7019815849265483,0.2318827891568541,decreasing,-1.0,5.4115223875498414e-05,0.2658815591141094,0.2600400431634912,decreasing,-1.0,521.8000000000029,0.7019856858419024,0.23188419120538345,decreasing,-1.0,2199.7999999988824,0.021999480125011635,1.4871081332579665,decreasing,-1.0,0.16357931399871717,0.4126505759502798,0.19256225496417895,increasing,1.0,1.1703824034397243,5.517549364740699,3.451049188164045,decreasing,-1.0,12.993790004402427,18.342381594344964,7.251115550388111,decreasing,-0.9999999999999999,0.0022719349181554715,0.41265057622359286,0.19256225509186004,increasing,1.0,0.18706350065939148,0.6947341088701919,0.22700156170355307,increasing,1.0,13.468572043172799,0.6947341086483525,0.2270015616312955,increasing,1.0,0.8045142727389925,16.519209156634503,2.02885153308222,increasing,1.0000000000000002,126.80000000000291,0.3813969716839907,0.05848249252790886,increasing,1.0,37.0,0.750324464633355,0.07749388726683311,decreasing,-1.0,507.0,1.4023111858518695,1.1659893400369223,decreasing,-1.0
rarity_proportions_shape,4,True,274.0999517719538,0.7375019526620759,0.2436160911682638,categorical,,1.3027719707434798e-05,0.06400842830260711,0.06260213951691812,categorical,,548.1999999999971,0.7375020179734126,0.24361616255038296,categorical,,0.0,0.0,0.0,categorical,,0.2721844636041837,0.6866215105405393,0.320410037165507,categorical,,0.2624565613528844,1.2373024655092697,0.773892789504713,categorical,,0.5168536170199332,0.7296043932205317,0.28842741789560994,categorical,,0.0037803397720910237,0.6866215105056,0.3204100371494361,categorical,,0.1965275835548539,0.7298827144157741,0.23848622648203183,categorical,,14.149986015947434,0.7298827144158128,0.23848622648228357,categorical,,1.1666173297112739,23.954324153435156,2.9420153726382576,categorical,,123.20000000000437,0.37056866649422904,0.056822106304719726,categorical,,46.600000000000364,0.945003244646341,0.09760040936849868,categorical,,718.0,1.9859160383464345,1.6512432862850301,categorical,
hidden_triggering_enabled,2,False,9.899999225512147,0.02663724934268785,0.008798976790388791,n/a,,0.0,0.0,0.0,n/a,,19.80000000000291,0.026637249098642454,0.008798978508752858,n/a,,0.0,0.0,0.0,n/a,,0.010556566480040885,0.02663034299117095,0.01242697622568511,n/a,,0.005886936893514161,0.027752865064969736,0.01735852207571344,n/a,,0.018543507824631433,0.02617651174152201,0.010348106126108841,n/a,,0.00014661897888956776,0.026630342991169557,0.012426976225693515,n/a,,0.0071706315206157,0.02663096906639309,0.008701561490310787,n/a,,0.5162854694845009,0.02663096906640715,0.008701561490324104,n/a,,0.0025624601050893148,0.052615367888240096,0.006462099292499612,n/a,,4951.0,14.891927498481031,2.28349227528131,n/a,,4931.2,100.0,10.328050186221821,n/a,,0.0,0.0,0.0,n/a,
