study,level_index,level_label,level_value,replicate,config_sha256,simulated_hours,simulated_miles,total_events,total_layer_transitions,total_unknown_episodes,episodes_per_hour,episodes_per_million_miles,unknown_time_fraction,episode_duration_mean_seconds,episode_duration_median_seconds,episode_duration_p90_seconds,episode_duration_max_seconds,inter_arrival_mean_seconds,inter_arrival_p90_seconds,window_count,window_mean,dispersion_index,c3_episodes,c4_episodes,c5_episodes,c6_episodes,selected_rule_count,selected_rule_mass_sum,selected_rule_mass_max,wall_seconds
average_speed_study,0,5_mph,5,1,c7b43f33fb2f3380930e9e56b437d4bd2beea318c46d0673493d8e361680b4da,1000.0,5000.0000000000455,203641,203641,20,0.02,3999.9999999999636,0.00010931980477737347,19.677564859927223,17.06478107406292,35.22394707105125,62.152697924291715,170738.7334150675,404848.88046831195,0,,,19,1,0,0,100,0.0010007959226450746,5.9436808561073915e-05,1.1869999999998981
average_speed_study,0,5_mph,5,2,971fd350987bdcc58d91c8c674100196242c3f180a2f50131622882eeb96664c,1000.0,4999.99999999986,203588,203588,19,0.019,3800.000000000107,0.0001252969956036274,23.7404833775294,20.138240986038,45.649132425989954,70.38747008901555,169609.16279335678,381725.9279384272,0,,,19,0,0,0,100,0.0009799800507877046,5.560061326941382e-05,1.3280000000004293
average_speed_study,0,5_mph,5,3,9e96db019a84457f0ae5816a53f6b5546e47ce7b80889f86f9ee8b66afad77c1,1000.0,4999.999999999928,204129,204129,21,0.021,4200.00000000006,0.00016539207464976547,28.352927082816937,19.74707221472636,62.151035813614726,92.31681306799874,167876.91833829816,319515.83062462625,0,,,20,1,0,0,100,0.000997249832160345,6.160850492514242e-05,1.2969999999995707
average_speed_study,1,10_mph,10,1,b97cf8ef1e687ec5f72f3c9c459d996906ee7ab05980687c6a658963060ce11c,1000.0,10000.000000000091,203641,203641,20,0.02,1999.9999999999818,0.00010931980477737347,19.677564859927223,17.06478107406292,35.22394707105125,62.152697924291715,170738.7334150675,404848.88046831195,1,20.0,0.0,19,1,0,0,100,0.0010007959226450746,5.9436808561073915e-05,1.235000000000582
average_speed_study,1,10_mph,10,2,5044a653b8d3c86d9326c2ec3e552eefe3ece42ae60f064359bb2ea98e149863,1000.0,9999.99999999972,203588,203588,19,0.019,1900.0000000000534,0.0001252969956036274,23.7404833775294,20.138240986038,45.649132425989954,70.38747008901555,169609.16279335678,381725.9279384272,0,,,19,0,0,0,100,0.0009799800507877046,5.560061326941382e-05,1.0630000000001019
average_speed_study,1,10_mph,10,3,cea0728e2bb2a30d707a1e61aad5455c277047b08c3a502aaa8356169558aafe,1000.0,9999.999999999856,204129,204129,21,0.021,2100.00000000003,0.00016539207464976547,28.352927082816937,19.74707221472636,62.151035813614726,92.31681306799874,167876.91833829816,319515.83062462625,0,,,20,1,0,0,100,0.000997249832160345,6.160850492514242e-05,1.0
average_speed_study,2,20_mph,20,1,07970f7dcab69b8cda9e9244e7fb92bcc6a085df4944c323a232ea838fbb4eb9,1000.0,20000.000000000182,203641,203641,20,0.02,999.9999999999909,0.00010931980477737347,19.677564859927223,17.06478107406292,35.22394707105125,62.152697924291715,170738.7334150675,404848.88046831195,2,10.0,0.2,19,1,0,0,100,0.0010007959226450746,5.9436808561073915e-05,1.125
average_speed_study,2,20_mph,20,2,3312158b50e962933b08352a9ddc1e48039391afae1c4c5c668c48b6c18bb4e7,1000.0,19999.99999999944,203588,203588,19,0.019,950.0000000000267,0.0001252969956036274,23.7404833775294,20.138240986038,45.649132425989954,70.38747008901555,169609.16279335678,381725.9279384272,1,10.0,0.0,19,0,0,0,100,0.0009799800507877046,5.560061326941382e-05,1.360000000000582
average_speed_study,2,20_mph,20,3,d40b938426aeb4078ee61dab03d966145d5b42daee3e8e82c24450258134da9c,1000.0,19999.999999999713,204129,204129,21,0.021,1050.000000000015,0.00016539207464976547,28.352927082816937,19.74707221472636,62.151035813614726,92.31681306799874,167876.91833829816,319515.83062462625,1,10.0,0.0,20,1,0,0,100,0.000997249832160345,6.160850492514242e-05,1.344000000000051
average_speed_study,3,30_mph,30,1,aec1d0d4ab55f39dfe28e6dd8ffb868f6f8868cbd8ba77dcff9298fdf408636f,1000.0,30000.00000000082,203641,203641,20,0.02,666.6666666666486,0.00010931980477737347,19.677564859927223,17.06478107406292,35.22394707105125,62.152697924291715,170738.7334150675,404848.88046831195,3,6.666666666666667,0.95,19,1,0,0,100,0.0010007959226450746,5.9436808561073915e-05,1.219000000000051
average_speed_study,3,30_mph,30,2,c3dc666d2d26a2e7a23a5a62d9fc9a6b3c6b6ffdeef7013e692c0c8bc80ae650,1000.0,30000.000000000786,203588,203588,19,0.019,633.3333333333168,0.0001252969956036274,23.7404833775294,20.138240986038,45.649132425989954,70.38747008901555,169609.16279335678,381725.9279384272,3,6.333333333333333,0.21052631578947373,19,0,0,0,100,0.0009799800507877046,5.560061326941382e-05,1.2339999999994689
average_speed_study,3,30_mph,30,3,72f6761f896ca670659916380cfb85672432c7b4e4af70b701fad3e58a3e4b3f,1000.0,30000.00000000069,204129,204129,21,0.021,699.9999999999839,0.00016539207464976547,28.352927082816937,19.74707221472636,62.151035813614726,92.31681306799874,167876.91833829816,319515.83062462625,3,7.0,0.14285714285714285,20,1,0,0,100,0.000997249832160345,6.160850492514242e-05,1.25
average_speed_study,4,40_mph,40,1,fc6e5df5e1ead85487ae06a325c5f16b51749399574dbfbb12dfa1a12f636b53,1000.0,40000.000000000364,203641,203641,20,0.02,499.99999999999545,0.00010931980477737347,19.677564859927223,17.06478107406292,35.22394707105125,62.152697924291715,170738.7334150675,404848.88046831195,4,5.0,0.4,19,1,0,0,100,0.0010007959226450746,5.9436808561073915e-05,1.3589999999994689
average_speed_study,4,40_mph,40,2,f25e04be5be15769b08011cfbc4a000fbac92e63e4fb58fd92e109df8eeb5fc8,1000.0,39999.99999999888,203588,203588,19,0.019,475.00000000001336,0.0001252969956036274,23.7404833775294,20.138240986038,45.649132425989954,70.38747008901555,169609.16279335678,381725.9279384272,3,4.333333333333333,0.5384615384615384,19,0,0,0,100,0.0009799800507877046,5.560061326941382e-05,1.3119999999998981
average_speed_study,4,40_mph,40,3,5db8bc32a068bdfce21ee7c8cd73b9d3ea338dee09cc39e0ecba5dec80292fd8,1000.0,39999.999999999425,204129,204129,21,0.021,525.0000000000075,0.00016539207464976547,28.352927082816937,19.74707221472636,62.151035813614726,92.31681306799874,167876.91833829816,319515.83062462625,3,5.0,0.8,20,1,0,0,100,0.000997249832160345,6.160850492514242e-05,1.3280000000004293
average_speed_study,5,50_mph,50,1,f443d265ed0c0eb85ec5c788f65b327dcbb244174551548099560c755824da4d,1000.0,50000.00000000256,203641,203641,20,0.02,399.9999999999795,0.00010931980477737347,19.677564859927223,17.06478107406292,35.22394707105125,62.152697924291715,170738.7334150675,404848.88046831195,5,4.0,0.875,19,1,0,0,100,0.0010007959226450746,5.9436808561073915e-05,1.280999999999949
average_speed_study,5,50_mph,50,2,cadd912426a50da068982da4e4bc80904b86688dfdaa5f1187b84c9fbe594aa4,1000.0,50000.000000000495,203588,203588,19,0.019,379.99999999999625,0.0001252969956036274,23.7404833775294,20.138240986038,45.649132425989954,70.38747008901555,169609.16279335678,381725.9279384272,5,3.8,0.5789473684210527,19,0,0,0,100,0.0009799800507877046,5.560061326941382e-05,1.2969999999995707
average_speed_study,5,50_mph,50,3,e72666b340010587819958029cb2438b37e487f13160ed2f4905356747122bb6,1000.0,50000.000000001164,204129,204129,21,0.021,419.9999999999902,0.00016539207464976547,28.352927082816937,19.74707221472636,62.151035813614726,92.31681306799874,167876.91833829816,319515.83062462625,5,4.2,0.16666666666666666,20,1,0,0,100,0.000997249832160345,6.160850492514242e-05,1.25
average_speed_study,6,60_mph,60,1,b48ba5dac0620471083baef50456e349b219982b414c744c8e1cd1a5baf31de4,1000.0,60000.00000000164,203641,203641,20,0.02,333.3333333333243,0.00010931980477737347,19.677564859927223,17.06478107406292,35.22394707105125,62.152697924291715,170738.7334150675,404848.88046831195,6,3.3333333333333335,0.6799999999999999,19,1,0,0,100,0.0010007959226450746,5.9436808561073915e-05,1.1409999999996217
average_speed_study,6,60_mph,60,2,44b00060da36bd8ca2081eb6676f35c2dd1ca9e7b82d80961be50488e79183cf,1000.0,60000.00000000157,203588,203588,19,0.019,316.6666666666584,0.0001252969956036274,23.7404833775294,20.138240986038,45.649132425989954,70.38747008901555,169609.16279335678,381725.9279384272,6,3.1666666666666665,0.9368421052631579,19,0,0,0,100,0.0009799800507877046,5.560061326941382e-05,1.280999999999949
average_speed_study,6,60_mph,60,3,19681c3b73032557fabe2a84e3c10f9b7299effb50a5cdbaf142e77c45f0aa9d,1000.0,60000.00000000138,204129,204129,21,0.021,349.9999999999919,0.00016539207464976547,28.352927082816937,19.74707221472636,62.151035813614726,92.31681306799874,167876.91833829816,319515.83062462625,6,3.5,0.31428571428571433,20,1,0,0,100,0.000997249832160345,6.160850492514242e-05,1.3119999999998981
average_speed_study,7,75_mph,75,1,e061e0b7d4bfb1fd3072ab446bb72822a3e8192a5c5804728e020001b879f71b,1000.0,75000.00000000224,203641,203641,20,0.02,266.66666666665867,0.00010931980477737347,19.677564859927223,17.06478107406292,35.22394707105125,62.152697924291715,170738.7334150675,404848.88046831195,7,2.4285714285714284,0.25490196078431376,19,1,0,0,100,0.0010007959226450746,5.9436808561073915e-05,1.25
average_speed_study,7,75_mph,75,2,9afacf6beb283043170176fd969ec0390daf635a87d5d67ffd43396dfa000e3c,1000.0,75000.00000000023,203588,203588,19,0.019,253.33333333333255,0.0001252969956036274,23.7404833775294,20.138240986038,45.649132425989954,70.38747008901555,169609.16279335678,381725.9279384272,7,2.7142857142857144,1.43859649122807,19,0,0,0,100,0.0009799800507877046,5.560061326941382e-05,1.405999999999949
average_speed_study,7,75_mph,75,3,b364f22ecd796021ae89989f5114f6c58491d6fda7f95c875f5d6b1d255f6268,1000.0,74999.99999999971,204129,204129,21,0.021,280.0000000000011,0.00016539207464976547,28.352927082816937,19.74707221472636,62.151035813614726,92.31681306799874,167876.91833829816,319515.83062462625,7,2.857142857142857,0.39999999999999997,20,1,0,0,100,0.000997249832160345,6.160850492514242e-05,1.5150000000003274
average_speed_study,8,100_mph,100,1,ed6cf940bfb98353301144209c469c9da205ea7f22658807e9bde4ffe37da7c1,1000.0,100000.00000000512,203641,203641,20,0.02,199.99999999998974,0.00010931980477737347,19.677564859927223,17.06478107406292,35.22394707105125,62.152697924291715,170738.7334150675,404848.88046831195,10,2.0,0.6666666666666666,19,1,0,0,100,0.0010007959226450746,5.9436808561073915e-05,1.1880000000001019
average_speed_study,8,100_mph,100,2,d30f4cf8f8a8f5916d57a2dc8fcb851e6dd0f7c9b8247ab2834da6c9d88b9f25,1000.0,100000.00000000099,203588,203588,19,0.019,189.99999999999812,0.0001252969956036274,23.7404833775294,20.138240986038,45.649132425989954,70.38747008901555,169609.16279335678,381725.9279384272,10,1.9,1.9239766081871346,19,0,0,0,100,0.0009799800507877046,5.560061326941382e-05,1.1869999999998981
average_speed_study,8,100_mph,100,3,10a7b41077db18664dd39d6d58a2c663439be9968c1e33bf8a567362d4ebd158,1000.0,100000.00000000233,204129,204129,21,0.021,209.9999999999951,0.00016539207464976547,28.352927082816937,19.74707221472636,62.151035813614726,92.31681306799874,167876.91833829816,319515.83062462625,10,2.1,0.4708994708994709,20,1,0,0,100,0.000997249832160345,6.160850492514242e-05,1.2659999999996217
average_speed_study,9,150_mph,150,1,65f04dc01409ada9f041eaa6298b5a322f07327a5f3499c5adae14680db52067,1000.0,150000.00000000448,203641,203641,20,0.02,133.33333333332934,0.00010931980477737347,19.677564859927223,17.06478107406292,35.22394707105125,62.152697924291715,170738.7334150675,404848.88046831195,15,1.3333333333333333,0.6071428571428572,19,1,0,0,100,0.0010007959226450746,5.9436808561073915e-05,1.0159999999996217
average_speed_study,9,150_mph,150,2,283f4a9d78c9c1fd4274b556c8f043480abe2b39e78f8f7f9e23728264bcf910,1000.0,150000.00000000047,203588,203588,19,0.019,126.66666666666627,0.0001252969956036274,23.7404833775294,20.138240986038,45.649132425989954,70.38747008901555,169609.16279335678,381725.9279384272,15,1.2666666666666666,1.0676691729323309,19,0,0,0,100,0.0009799800507877046,5.560061326941382e-05,1.1409999999996217
average_speed_study,9,150_mph,150,3,314efa381baf0e0aec21874606f23083d9c5d9fdb08467963562f18695b6c615,1000.0,149999.99999999942,204129,204129,21,0.021,140.00000000000054,0.00016539207464976547,28.352927082816937,19.74707221472636,62.151035813614726,92.31681306799874,167876.91833829816,319515.83062462625,14,1.4285714285714286,0.39999999999999997,20,1,0,0,100,0.000997249832160345,6.160850492514242e-05,1.030999999999949
