window_miles,n_windows,covered_miles,episodes_in_complete_windows,mean_count,variance_count,dispersion_index,window_count_cv,replicate,total_miles,enough_windows_for_reliable_dispersion
1000.0,100,100000.0,3602,36.02,162.88848484848484,4.522167819225009,0.35432474506390776,1,100000.0,True
5000.0,20,100000.0,3602,180.1,904.4105263157895,5.021713083374734,0.16698178197076405,1,100000.0,False
10000.0,10,100000.0,3602,360.2,1555.5111111111112,4.318465050280708,0.10949463755451513,1,100000.0,False
25000.0,4,100000.0,3602,900.5,3327,3.6946141032759576,0.06405347314345247,1,100000.0,False
50000.0,2,100000.0,3602,1801.0,4232,2.3498056635202667,0.03612094606838555,1,100000.0,False
100000.0,1,100000.0,3602,3602.0,,,,1,100000.0,False
1000.0,200,200000.0,7330,36.65,169.143216080402,4.615094572452988,0.3548569480026904,1,200000.0,True
5000.0,40,200000.0,7330,183.25,886.2435897435897,4.836254241438416,0.1624548083482358,1,200000.0,True
10000.0,20,200000.0,7330,366.5,1732.157894736842,4.726215265311984,0.11355852942521259,1,200000.0,False
25000.0,8,200000.0,7330,916.25,6282.785714285715,6.857064899629703,0.08650916818278691,1,200000.0,False
50000.0,4,200000.0,7330,1832.5,5296.333333333333,2.8902228285584357,0.039714003692076456,1,200000.0,False
100000.0,2,200000.0,7330,3665.0,7938,2.165893587994543,0.024309810212688944,1,200000.0,False
1000.0,500,500000.0,18445,36.89,158.80751503006013,4.304893332341018,0.3416070852807977,1,500000.0,True
5000.0,100,500000.0,18445,184.45,667.6439393939394,3.6196472723986957,0.14008569720396372,1,500000.0,True
10000.0,50,500000.0,18445,368.9,1113.642857142857,3.0188204313983658,0.09046160996355342,1,500000.0,True
25000.0,20,500000.0,18445,922.25,2728.6184210526317,2.9586537501248378,0.05663993411203442,1,500000.0,False
50000.0,10,500000.0,18445,1844.5,2666.9444444444443,1.4458901840306015,0.027998084820364946,1,500000.0,False
100000.0,5,500000.0,18445,3689.0,3456.5,0.9369747899159664,0.015937112024764076,1,500000.0,False
1000.0,1000,1000000.0,37543,37.543,184.3324834834835,4.909902870934221,0.3616362554589879,1,1000000.0,True
5000.0,200,1000000.0,37543,187.715,951.7223869346734,5.070039085500218,0.16434487477025653,1,1000000.0,True
10000.0,100,1000000.0,37543,375.43,1868.7122222222222,4.977525030557553,0.1151442458333336,1,1000000.0,True
25000.0,40,1000000.0,37543,938.575,7400.455769230769,7.884778274757764,0.09165586312706187,1,1000000.0,True
50000.0,20,1000000.0,37543,1877.15,14284.134210526316,7.609479375929635,0.06366899332600622,1,1000000.0,False
100000.0,10,1000000.0,37543,3754.3,26483.12222222222,7.05407725067848,0.04334665797135815,1,1000000.0,False
1000.0,2000,2000000.0,75695,37.8475,185.2838856928464,4.895538296924405,0.35965129411261276,1,2000000.0,True
5000.0,400,2000000.0,75695,189.2375,962.171522556391,5.084465407524359,0.16391513188393866,1,2000000.0,True
10000.0,200,2000000.0,75695,378.475,2011.7983668341708,5.315538323097089,0.11851000814603689,1,2000000.0,True
25000.0,80,2000000.0,75695,946.1875,6782.204905063291,7.167929089174494,0.08703786851691335,1,2000000.0,True
50000.0,40,2000000.0,75695,1892.375,12964.39423076923,6.85085896334988,0.060168462287748394,1,2000000.0,True
100000.0,20,2000000.0,75695,3784.75,20378.61842105263,5.384402779854054,0.03771813156738135,1,2000000.0,False
1000.0,100,100000.0,3832,38.32,167.4521212121212,4.3698361485417845,0.3376912644674803,2,100000.0,True
5000.0,20,100000.0,3832,191.6,883.4105263157895,4.610702120646083,0.15512642363653395,2,100000.0,False
10000.0,10,100000.0,3832,383.2,964.6222222222223,2.517281373231269,0.08105002085156947,2,100000.0,False
25000.0,4,100000.0,3832,958.0,1876.6666666666667,1.9589422407794017,0.04521974000357615,2,100000.0,False
50000.0,2,100000.0,3832,1916.0,1458,0.7609603340292276,0.019928896755779524,2,100000.0,False
100000.0,1,100000.0,3832,3832.0,,,,2,100000.0,False
1000.0,200,200000.0,7705,38.525,176.56218592964825,4.583054793761149,0.3449103295992653,2,200000.0,True
5000.0,40,200000.0,7705,192.625,824.2403846153846,4.278989667049369,0.1490439298166204,2,200000.0,True
10000.0,20,200000.0,7705,385.25,1111.4605263157894,2.8850370572765462,0.086537505903728,2,200000.0,False
25000.0,8,200000.0,7705,963.125,1622.125,1.6842310188189487,0.041817638384056006,2,200000.0,False
50000.0,4,200000.0,7705,1926.25,3314.25,1.7205710577547046,0.029886838773360916,2,200000.0,False
100000.0,2,200000.0,7705,3852.5,840.5,0.218170019467878,0.007525341474016469,2,200000.0,False
1000.0,500,500000.0,19274,38.548,163.85540681362724,4.250685037190704,0.33206915571520257,2,500000.0,True
5000.0,100,500000.0,19274,192.74,783.4064646464647,4.064576448305824,0.1452184245493924,2,500000.0,True
10000.0,50,500000.0,19274,385.48,1507.2751020408164,3.9101253036235764,0.10071505919861978,2,500000.0,True
25000.0,20,500000.0,19274,963.7,1655.2736842105264,1.7176234141439517,0.0422175519369268,2,500000.0,False
50000.0,10,500000.0,19274,1927.4,2599.3777777777777,1.3486446911786747,0.02645226386840963,2,500000.0,False
100000.0,5,500000.0,19274,3854.8,3625.7,0.9405676040261491,0.015620469491787352,2,500000.0,False
1000.0,1000,1000000.0,37499,37.499,159.95595495495496,4.265605881622308,0.33727218025983646,2,1000000.0,True
5000.0,200,1000000.0,37499,187.495,720.3718341708543,3.842085571193121,0.14314911627698954,2,1000000.0,True
10000.0,100,1000000.0,37499,374.99,1430.3938383838383,3.8144852886312655,0.10085748375407824,2,1000000.0,True
25000.0,40,1000000.0,37499,937.475,2804.6660256410255,2.99172353997816,0.056491210609793695,2,1000000.0,True
50000.0,20,1000000.0,37499,1874.95,7001.102631578948,3.7340209774015025,0.04462657237685253,2,1000000.0,False
100000.0,10,1000000.0,37499,3749.9,16785.433333333334,4.476234921820137,0.03454988390243072,2,1000000.0,False
1000.0,2000,2000000.0,75511,37.7555,170.9021708354177,4.526550326056276,0.3462530148951199,2,2000000.0,True
5000.0,400,2000000.0,75511,188.7775,834.2987406015037,4.41948187999896,0.1530067405479833,2,2000000.0,True
10000.0,200,2000000.0,75511,377.555,1505.8160552763818,3.988335620707928,0.10277931896161539,2,2000000.0,True
25000.0,80,2000000.0,75511,943.8875,3507.5441455696205,3.716061655196854,0.06274531994249807,2,2000000.0,True
50000.0,40,2000000.0,75511,1887.775,6990.999358974359,3.703301166174125,0.044291399257544245,2,2000000.0,True
100000.0,20,2000000.0,75511,3775.55,17481.102631578946,4.630081082644633,0.035019035881312645,2,2000000.0,False
1000.0,100,100000.0,3832,38.32,269.22989898989897,7.025832437105923,0.4281896285082748,3,100000.0,True
5000.0,20,100000.0,3832,191.6,1426.2526315789473,7.443907262938139,0.19710730711056504,3,100000.0,False
10000.0,10,100000.0,3832,383.2,2175.733333333333,5.677800974251913,0.12172431305175861,3,100000.0,False
25000.0,4,100000.0,3832,958.0,6630.666666666667,6.921363952679193,0.08499885761653546,3,100000.0,False
50000.0,2,100000.0,3832,1916.0,30752,16.05010438413361,0.09152530361913558,3,100000.0,False
100000.0,1,100000.0,3832,3832.0,,,,3,100000.0,False
1000.0,200,200000.0,7826,39.13,225.36994974874372,5.759518266004184,0.38365260908411053,3,200000.0,True
5000.0,40,200000.0,7826,195.65,1196.4897435897435,6.115459972347271,0.17679689679348196,3,200000.0,True
10000.0,20,200000.0,7826,391.3,2512.7473684210527,6.42153684748544,0.1281045530328931,3,200000.0,False
25000.0,8,200000.0,7826,978.25,3574.5,3.6539739330437007,0.06111640414950225,3,200000.0,False
50000.0,4,200000.0,7826,1956.5,12440.333333333334,6.358463242184173,0.05700804612389717,3,200000.0,False
100000.0,2,200000.0,7826,3913.0,13122,3.3534372604140046,0.029274546013856557,3,200000.0,False
1000.0,500,500000.0,19453,38.906,200.14545490981965,5.14433390504857,0.36362713454745815,3,500000.0,True
5000.0,100,500000.0,19453,194.53,1082.5748484848484,5.565079157378546,0.16913846296582483,3,500000.0,True
10000.0,50,500000.0,19453,389.06,2052.261632653061,5.274923232028636,0.11643935218355746,3,500000.0,True
25000.0,20,500000.0,19453,972.65,4927.607894736842,5.066167577995006,0.0721707934608725,3,500000.0,False
50000.0,10,500000.0,19453,1945.3,17890.455555555556,9.196759140263998,0.06875813889011499,3,500000.0,False
100000.0,5,500000.0,19453,3890.6,5813.8,1.4943196422145686,0.01959807707528279,3,500000.0,False
1000.0,1000,1000000.0,39130,39.13,208.72982982982984,5.334266031940451,0.3692176141685678,3,1000000.0,True
5000.0,200,1000000.0,39130,195.65,1140.9221105527638,5.831444469986015,0.17264267084502613,3,1000000.0,True
10000.0,100,1000000.0,39130,391.3,2175.848484848485,5.560563467540212,0.11920774620715274,3,1000000.0,True
25000.0,40,1000000.0,39130,978.25,4439.782051282052,4.5384943023583455,0.06811315056729321,3,1000000.0,True
50000.0,20,1000000.0,39130,1956.5,12659.21052631579,6.470335050506409,0.057507363723669463,3,1000000.0,False
100000.0,10,1000000.0,39130,3913.0,6840.666666666667,1.7481897947014227,0.021136806245323443,3,1000000.0,False
1000.0,2000,2000000.0,77103,38.5515,198.19144347173588,5.140952841568704,0.3651751107861128,3,2000000.0,True
5000.0,400,2000000.0,77103,192.7575,1064.2593421052632,5.521234411658499,0.16924367632683024,3,2000000.0,True
10000.0,200,2000000.0,77103,385.515,2173.12540201005,5.63694123966655,0.12092082832848286,3,2000000.0,True
25000.0,80,2000000.0,77103,963.7875,4814.447943037974,4.995341756391294,0.07199327964514708,3,2000000.0,True
50000.0,40,2000000.0,77103,1927.575,13065.891666666666,6.778408968090303,0.059300484474417145,3,2000000.0,True
100000.0,20,2000000.0,77103,3855.15,17465.397368421054,4.530406694530966,0.0342805637095164,3,2000000.0,False
1000.0,100,100000.0,3962,39.62,180.27838383838383,4.550186366440784,0.33888890989063775,4,100000.0,True
5000.0,20,100000.0,3962,198.1,1173.3578947368421,5.923058529716518,0.17291424563594857,4,100000.0,False
10000.0,10,100000.0,3962,396.2,1174.4,2.9641595153962648,0.0864955072815907,4,100000.0,False
25000.0,4,100000.0,3962,990.5,4838.333333333333,4.8847383476358734,0.0702252692255069,4,100000.0,False
50000.0,2,100000.0,3962,1981.0,13122,6.623927309439677,0.057824986649278494,4,100000.0,False
100000.0,1,100000.0,3962,3962.0,,,,4,100000.0,False
1000.0,200,200000.0,7859,39.295,186.1085175879397,4.736188257741181,0.3471729116852227,4,200000.0,True
5000.0,40,200000.0,7859,196.475,952.6147435897436,4.848529042319601,0.1570910172311498,4,200000.0,True
10000.0,20,200000.0,7859,392.95,1356.2605263157895,3.451483716289069,0.09372042898826498,4,200000.0,False
25000.0,8,200000.0,7859,982.375,2795.6964285714284,2.84585461618163,0.05382297560117172,4,200000.0,False
50000.0,4,200000.0,7859,1964.75,5230.25,2.662043516986894,0.03680899216986714,4,200000.0,False
100000.0,2,200000.0,7859,3929.5,2112.5,0.5376002035882428,0.011696638446908153,4,200000.0,False
1000.0,500,500000.0,19068,38.136,166.1417875751503,4.356560404215185,0.3379903497302579,4,500000.0,True
5000.0,100,500000.0,19068,190.68,918.2197979797979,4.815501352946287,0.15891620413864194,4,500000.0,True
10000.0,50,500000.0,19068,381.36,1861.1738775510205,4.880359443966385,0.11312493307134194,4,500000.0,True
25000.0,20,500000.0,19068,953.4,4588.5684210526315,4.812847095712851,0.07104989793337078,4,500000.0,False
50000.0,10,500000.0,19068,1906.8,6440.622222222222,3.377712514276391,0.04208804661742179,4,500000.0,False
100000.0,5,500000.0,19068,3813.6,18220.3,4.777716593245228,0.035395057549339096,4,500000.0,False
1000.0,1000,1000000.0,37749,37.749,155.57757657657658,4.121369482014797,0.3304213108378855,4,1000000.0,True
5000.0,200,1000000.0,37749,188.745,822.1306281407035,4.355774341787615,0.15191300629405674,4,1000000.0,True
10000.0,100,1000000.0,37749,377.49,1442.6968686868686,3.821814799562554,0.10061948572192515,4,1000000.0,True
25000.0,40,1000000.0,37749,943.725,3395.6403846153844,3.598124861178187,0.06174693217158984,4,1000000.0,True
50000.0,20,1000000.0,37749,1887.45,5349.523684210526,2.834259813086718,0.038750927490242844,4,1000000.0,False
100000.0,10,1000000.0,37749,3774.9,11037.433333333332,2.923900853885754,0.027830986162883833,4,1000000.0,False
1000.0,2000,2000000.0,75691,37.8455,179.83854902451225,4.75191367598558,0.35434568423115276,4,2000000.0,True
5000.0,400,2000000.0,75691,189.2275,989.484454887218,5.229073231360231,0.16623414582245544,4,2000000.0,True
10000.0,200,2000000.0,75691,378.455,1781.3647989949748,4.706939527803767,0.11152242020726379,4,2000000.0,True
25000.0,80,2000000.0,75691,946.1375,5012.04414556962,5.297373949948733,0.07482611339623109,4,2000000.0,True
50000.0,40,2000000.0,75691,1892.275,9939.383974358974,5.252610732773499,0.052686030934546026,4,2000000.0,True
100000.0,20,2000000.0,75691,3784.55,18683.628947368423,4.9368165164599285,0.03611739089414283,4,2000000.0,False
1000.0,100,100000.0,3615,36.15,160.99747474747474,4.453595428699163,0.35099524290925715,5,100000.0,True
5000.0,20,100000.0,3615,180.75,1352.828947368421,7.484530829147557,0.20349003094102497,5,100000.0,False
10000.0,10,100000.0,3615,361.5,3021.1666666666665,8.357307514983862,0.15204741484923162,5,100000.0,False
25000.0,4,100000.0,3615,903.75,9968.25,11.029875518672199,0.11047427252199421,5,100000.0,False
50000.0,2,100000.0,3615,1807.5,3444.5,1.90567081604426,0.032470186909257785,5,100000.0,False
100000.0,1,100000.0,3615,3615.0,,,,5,100000.0,False
1000.0,200,200000.0,7437,37.185,156.28218592964825,4.202828719366633,0.33619167327935934,5,200000.0,True
5000.0,40,200000.0,7437,185.925,859.250641025641,4.621490606565233,0.15766022508195765,5,200000.0,True
10000.0,20,200000.0,7437,371.85,2030.6605263157894,5.460966858453111,0.12118556096654924,5,200000.0,False
25000.0,8,200000.0,7437,929.625,5459.125,5.8723947828425445,0.07947924351440573,5,200000.0,False
50000.0,4,200000.0,7437,1859.25,5444.916666666667,2.9285554210927347,0.03968787338534457,5,200000.0,False
100000.0,2,200000.0,7437,3718.5,21424.5,5.761597418313836,0.039362943043059116,5,200000.0,False
1000.0,500,500000.0,19152,38.304,200.3202244488978,5.229746878887265,0.36950325656555977,5,500000.0,True
5000.0,100,500000.0,19152,191.52,1152.4541414141413,6.017408841970244,0.17725467299814002,5,500000.0,True
10000.0,50,500000.0,19152,383.04,1946.9371428571428,5.0828559493973025,0.11519452452739036,5,500000.0,True
25000.0,20,500000.0,19152,957.6,5906.252631578947,6.167765905993052,0.0802549580887103,5,500000.0,False
50000.0,10,500000.0,19152,1915.2,7023.288888888889,3.6671307899378074,0.043757865923374606,5,500000.0,False
100000.0,5,500000.0,19152,3830.4,23459.3,6.1245039682539675,0.03998650033350975,5,500000.0,False
1000.0,1000,1000000.0,37611,37.611,189.12680580580582,5.0284971366303965,0.3656467042655839,5,1000000.0,True
5000.0,200,1000000.0,37611,188.055,1070.2331407035176,5.691064532735197,0.173961968217438,5,1000000.0,True
10000.0,100,1000000.0,37611,376.11,1966.8261616161617,5.2293907676375575,0.11791474268668273,5,1000000.0,True
25000.0,40,1000000.0,37611,940.275,4910.101923076923,5.221984975753821,0.07452300597365533,5,1000000.0,True
50000.0,20,1000000.0,37611,1880.55,7778.260526315789,4.136162572819542,0.04689821980447413,5,1000000.0,False
100000.0,10,1000000.0,37611,3761.1,20877.21111111111,5.550825851775042,0.03841681540796927,5,1000000.0,False
1000.0,2000,2000000.0,75164,37.582,181.96926063031515,4.841925938755658,0.3589377424906608,5,2000000.0,True
5000.0,400,2000000.0,75164,187.91,884.6334837092732,4.707750964340765,0.15828209657916953,5,2000000.0,True
10000.0,200,2000000.0,75164,375.82,1608.017688442211,4.278691097978317,0.10670027104930123,5,2000000.0,True
25000.0,80,2000000.0,75164,939.55,4291.79493670886,4.567926067488543,0.06972677595494496,5,2000000.0,True
50000.0,40,2000000.0,75164,1879.1,7754.451282051282,4.126683668804898,0.046862520495102505,5,2000000.0,True
100000.0,20,2000000.0,75164,3758.2,16980.063157894736,4.518137182133664,0.03467286769622061,5,2000000.0,False
